0.5, 0.5251609683036804
1.5, 0.5420588850975037
2.5, 0.5148600339889526
3.5, 0.5300843715667725
4.5, 0.5556623935699463
5.5, 0.5469716191291809
6.5, 0.5342036485671997
7.5, 0.5276148319244385
8.5, 0.5280046463012695
9.5, 0.5370983481407166
10.5, 0.5395671129226685
11.5, 0.5362867116928101
12.5, 0.5407882332801819
13.5, 0.540371298789978
14.5, 0.5099077224731445
15.5, 0.5251271724700928
16.5, 0.5156518816947937
17.5, 0.5630414485931396
18.5, 0.54160076379776
19.5, 0.5284479260444641
20.5, 0.5428417325019836
21.5, 0.5613727569580078
22.5, 0.5407997965812683
23.5, 0.5465373396873474
24.5, 0.5440735816955566
25.5, 0.5659377574920654
26.5, 0.5337982177734375
27.5, 0.5593424439430237
28.5, 0.5494765639305115
29.5, 0.544941246509552
30.5, 0.5276312828063965
31.5, 0.5444897413253784
32.5, 0.5638720393180847
33.5, 0.5609880089759827
34.5, 0.5469905734062195
35.5, 0.5404117107391357
36.5, 0.5589765906333923
37.5, 0.5696433782577515
38.5, 0.5428606271743774
39.5, 0.561017632484436
40.5, 0.5305070877075195
41.5, 0.5490423440933228
42.5, 0.5441065430641174
43.5, 0.5556368827819824
44.5, 0.5498746037483215
45.5, 0.5378992557525635
46.5, 0.5659344792366028
47.5, 0.5428664088249207
48.5, 0.5424972176551819
49.5, 0.5272250771522522
50.5, 0.5416221618652344
51.5, 0.5416353344917297
52.5, 0.5754377841949463
53.5, 0.5338155031204224
54.5, 0.5465686321258545
55.5, 0.5461542010307312
56.5, 0.5515210032463074
57.5, 0.5428680777549744
58.5, 0.535863995552063
59.5, 0.5597585439682007
60.5, 0.5581476092338562
61.5, 0.5560793876647949
62.5, 0.55934077501297
63.5, 0.5432915687561035
64.5, 0.5733662843704224
65.5, 0.5346584320068359
66.5, 0.5750216841697693
67.5, 0.5569108128547668
68.5, 0.5540481805801392
69.5, 0.584908127784729
70.5, 0.5713301301002502
71.5, 0.5585629343986511
72.5, 0.5610291957855225
73.5, 0.5458155274391174
74.5, 0.5618334412574768
75.5, 0.5906720161437988
76.5, 0.585354745388031
77.5, 0.5585620999336243
78.5, 0.5383459329605103
79.5, 0.570492148399353
80.5, 0.5581328272819519
81.5, 0.5869904160499573
82.5, 0.5729706883430481
83.5, 0.5486641526222229
84.5, 0.5494980216026306
85.5, 0.5235071778297424
86.5, 0.5807831883430481
87.5, 0.5330293774604797
88.5, 0.5523754358291626
89.5, 0.5688465237617493
90.5, 0.5231075286865234
91.5, 0.5960594415664673
92.5, 0.5771064162254333
93.5, 0.5556772351264954
94.5, 0.5746665000915527
95.5, 0.5560769438743591
96.5, 0.537956953048706
97.5, 0.5766911506652832
98.5, 0.5663745403289795
99.5, 0.5498870015144348
100.5, 0.5560876131057739
101.5, 0.5853432416915894
102.5, 0.5622767210006714
103.5, 0.5453911423683167
104.5, 0.5309710502624512
105.5, 0.5457949638366699
106.5, 0.5680563449859619
107.5, 0.5231454372406006
108.5, 0.5849319696426392
109.5, 0.5816442370414734
110.5, 0.5552545189857483
111.5, 0.5874097943305969
112.5, 0.5626969933509827
113.5, 0.5614650845527649
114.5, 0.5837215781211853
115.5, 0.5663943290710449
116.5, 0.5688770413398743
117.5, 0.5495021343231201
118.5, 0.5499290227890015
119.5, 0.5948036313056946
120.5, 0.5577743649482727
121.5, 0.5622800588607788
122.5, 0.5643079280853271
123.5, 0.5499109029769897
124.5, 0.565987229347229
125.5, 0.5820595026016235
126.5, 0.5573203563690186
127.5, 0.5280977487564087
128.5, 0.5462168455123901
129.5, 0.5787890553474426
130.5, 0.549118161201477
131.5, 0.5651698708534241
132.5, 0.5560966730117798
133.5, 0.5532126426696777
134.5, 0.5524083971977234
135.5, 0.5606650114059448
136.5, 0.5701056122779846
137.5, 0.5643903017044067
138.5, 0.5725875496864319
139.5, 0.5676822662353516
140.5, 0.5532357692718506
141.5, 0.5466560125350952
142.5, 0.5742437839508057
143.5, 0.5639486312866211
144.5, 0.5631057024002075
145.5, 0.5268666744232178
146.5, 0.562718391418457
147.5, 0.5594207048416138
148.5, 0.560655951499939
149.5, 0.5874271392822266
150.5, 0.5837388634681702
151.5, 0.5725991129875183
152.5, 0.5487078428268433
153.5, 0.5742273330688477
154.5, 0.5680785775184631
155.5, 0.5619142055511475
156.5, 0.5874287486076355
157.5, 0.5445613861083984
158.5, 0.592410683631897
159.5, 0.5301635265350342
160.5, 0.5586057901382446
161.5, 0.5651723146438599
162.5, 0.5379989743232727
163.5, 0.5672100782394409
164.5, 0.5685029625892639
165.5, 0.5717717409133911
166.5, 0.5598459243774414
167.5, 0.5408763885498047
168.5, 0.5672520995140076
169.5, 0.5627126097679138
170.5, 0.5874386429786682
171.5, 0.5709700584411621
172.5, 0.5552743077278137
173.5, 0.5705497860908508
174.5, 0.5594207048416138
175.5, 0.5400664210319519
176.5, 0.5577958226203918
177.5, 0.5837413668632507
178.5, 0.5586073994636536
179.5, 0.5828992128372192
180.5, 0.5714010000228882
181.5, 0.5511773228645325
182.5, 0.5355681777000427
183.5, 0.5347128510475159
184.5, 0.5672471523284912
185.5, 0.5544832944869995
186.5, 0.5635449290275574
187.5, 0.5491132140159607
188.5, 0.5787997245788574
189.5, 0.548734188079834
190.5, 0.5734214782714844
191.5, 0.5676509737968445
192.5, 0.5528270602226257
193.5, 0.5441881418228149
194.5, 0.5610811114311218
195.5, 0.5911607146263123
196.5, 0.585018515586853
197.5, 0.5800423622131348
198.5, 0.5561700463294983
199.5, 0.5615260601043701
200.5, 0.5437719821929932
201.5, 0.573049783706665
202.5, 0.5540934801101685
203.5, 0.56354159116745
204.5, 0.5710145235061646
205.5, 0.5891064405441284
206.5, 0.5441939234733582
207.5, 0.5660243034362793
208.5, 0.5479463934898376
209.5, 0.5503945350646973
210.5, 0.5442070960998535
211.5, 0.5557554960250854
212.5, 0.5310163497924805
213.5, 0.5532588362693787
214.5, 0.5594594478607178
215.5, 0.5532563328742981
216.5, 0.5779938697814941
217.5, 0.5569989681243896
218.5, 0.5792051553726196
219.5, 0.5614832043647766
220.5, 0.560656726360321
221.5, 0.5553690791130066
222.5, 0.5639593601226807
223.5, 0.552049994468689
224.5, 0.5705588459968567
225.5, 0.5701665878295898
226.5, 0.5598879456520081
227.5, 0.5429686307907104
228.5, 0.5656370520591736
229.5, 0.5713993310928345
230.5, 0.5400713682174683
231.5, 0.5714290142059326
232.5, 0.5401307344436646
233.5, 0.6023029088973999
234.5, 0.5652431845664978
235.5, 0.6076845526695251
236.5, 0.5656230449676514
237.5, 0.533513069152832
238.5, 0.5532901287078857
239.5, 0.540079653263092
240.5, 0.5388724207878113
241.5, 0.5421709418296814
242.5, 0.5351272821426392
243.5, 0.5401142239570618
244.5, 0.552457869052887
245.5, 0.5470564961433411
246.5, 0.5503888130187988
247.5, 0.533920168876648
248.5, 0.5767735242843628
249.5, 0.5479340553283691
250.5, 0.5565531849861145
251.5, 0.5784100294113159
252.5, 0.5462753176689148
253.5, 0.5520334839820862
254.5, 0.5685153007507324
255.5, 0.5363954305648804
256.5, 0.5405410528182983
257.5, 0.5421676635742188
258.5, 0.5603016018867493
259.5, 0.5606889128684998
260.5, 0.5726237893104553
261.5, 0.5331043601036072
262.5, 0.5323026180267334
263.5, 0.545466959476471
264.5, 0.5277433395385742
265.5, 0.5310534238815308
266.5, 0.5450500249862671
267.5, 0.5405253767967224
268.5, 0.5475261807441711
269.5, 0.5775942206382751
270.5, 0.6064427495002747
271.5, 0.583349883556366
272.5, 0.6517574191093445
273.5, 0.6451678276062012
274.5, 0.6913263201713562
275.5, 0.7094413042068481
276.5, 0.7910428047180176
277.5, 0.8557077050209045
278.5, 0.939770519733429
279.5, 1.0410971641540527
280.5, 1.1746201515197754
281.5, 1.2120985984802246
282.5, 1.3472342491149902
283.5, 1.5202553272247314
284.5, 1.614184856414795
285.5, 1.7876962423324585
286.5, 1.8738124370574951
287.5, 2.0208542346954346
288.5, 2.1028497219085693
289.5, 2.255673408508301
290.5, 2.4048545360565186
291.5, 2.489304542541504
292.5, 2.511547803878784
293.5, 2.6203505992889404
294.5, 2.6792218685150146
295.5, 2.730776786804199
296.5, 2.8288462162017822
297.5, 2.8119184970855713
298.5, 2.843230724334717
299.5, 2.8143880367279053
300.5, 2.8741261959075928
301.5, 2.9313764572143555
302.5, 2.933450698852539
303.5, 2.876586675643921
304.5, 2.832923412322998
305.5, 2.8757684230804443
306.5, 2.9054276943206787
307.5, 2.8271288871765137
308.5, 2.9186267852783203
309.5, 2.9367761611938477
310.5, 2.89595890045166
311.5, 2.9301891326904297
312.5, 2.8527274131774902
313.5, 2.8794806003570557
314.5, 2.849851608276367
315.5, 2.891840696334839
316.5, 2.9330477714538574
317.5, 2.84775710105896
318.5, 2.8259224891662598
319.5, 2.8506832122802734
320.5, 2.9301297664642334
321.5, 2.8832075595855713
322.5, 2.910789728164673
323.5, 2.9194753170013428
324.5, 2.9079079627990723
325.5, 2.8692266941070557
326.5, 2.8889474868774414
327.5, 2.898020029067993
328.5, 2.973021984100342
329.5, 3.062382459640503
330.5, 3.0587270259857178
331.5, 3.0261785984039307
332.5, 3.1085739135742188
333.5, 3.159242868423462
334.5, 3.2474331855773926
335.5, 3.324902057647705
336.5, 3.4999635219573975
337.5, 3.4884464740753174
338.5, 3.6544792652130127
339.5, 3.8003365993499756
340.5, 3.911559581756592
341.5, 4.0380754470825195
342.5, 4.142270565032959
343.5, 4.274602890014648
344.5, 4.3507561683654785
345.5, 4.465289115905762
346.5, 4.6749701499938965
347.5, 4.7145490646362305
348.5, 4.784598350524902
349.5, 4.867419242858887
350.5, 4.92470121383667
351.5, 5.021524429321289
352.5, 4.92264461517334
353.5, 5.053647041320801
354.5, 5.015765190124512
355.5, 5.17764139175415
356.5, 5.10718297958374
357.5, 5.1846771240234375
358.5, 5.239461898803711
359.5, 5.190855503082275
360.5, 5.222203254699707
361.5, 5.149243354797363
362.5, 5.23451042175293
363.5, 5.198275089263916
364.5, 5.227128982543945
365.5, 5.200758934020996
366.5, 5.178515911102295
367.5, 5.147610187530518
368.5, 5.101893424987793
369.5, 5.210194110870361
370.5, 5.169453144073486
371.5, 5.114636421203613
372.5, 5.1014509201049805
373.5, 5.102717876434326
374.5, 5.172321319580078
375.5, 5.08991813659668
376.5, 5.194596290588379
377.5, 5.198710918426514
378.5, 5.127814769744873
379.5, 5.138946533203125
380.5, 5.217235088348389
381.5, 5.198275566101074
382.5, 5.118349075317383
383.5, 5.1413984298706055
384.5, 5.171088695526123
385.5, 5.082088947296143
386.5, 5.075930118560791
387.5, 5.059441566467285
388.5, 5.227926731109619
389.5, 5.160381317138672
390.5, 5.143896579742432
391.5, 5.105579853057861
392.5, 5.073440074920654
393.5, 5.0903472900390625
394.5, 5.048286437988281
395.5, 5.090754985809326
396.5, 5.068109035491943
397.5, 5.044195175170898
398.5, 5.044186115264893
399.5, 5.017392635345459
400.5, 5.059065818786621
401.5, 5.072222709655762
402.5, 4.989010334014893
403.5, 5.038038730621338
404.5, 5.056200981140137
405.5, 5.015381813049316
406.5, 5.005044937133789
407.5, 4.980354309082031
408.5, 5.04914665222168
409.5, 4.9704389572143555
410.5, 4.982354164123535
411.5, 5.069317817687988
412.5, 5.069334983825684
413.5, 4.988591194152832
414.5, 5.0915961265563965
415.5, 5.03799295425415
416.5, 4.954356670379639
417.5, 4.97292947769165
418.5, 4.992666244506836
419.5, 4.958920001983643
420.5, 5.029400825500488
421.5, 4.937918186187744
422.5, 5.015848159790039
423.5, 4.904939651489258
424.5, 4.897157192230225
425.5, 4.940803527832031
426.5, 4.965118408203125
427.5, 4.9527459144592285
428.5, 5.035564422607422
429.5, 4.9588942527771
430.5, 4.917298793792725
431.5, 4.891361713409424
432.5, 4.888462543487549
433.5, 4.927183628082275
434.5, 4.928460121154785
435.5, 4.921461582183838
436.5, 4.923882961273193
437.5, 4.917715072631836
438.5, 4.942864418029785
439.5, 4.834496021270752
440.5, 4.839844226837158
441.5, 4.881896018981934
442.5, 4.794504642486572
443.5, 4.7669196128845215
444.5, 4.83284854888916
445.5, 4.834522247314453
446.5, 4.878603458404541
447.5, 4.760789394378662
448.5, 4.790002822875977
449.5, 4.850184917449951
450.5, 4.905817985534668
451.5, 4.750490665435791
452.5, 4.813910484313965
453.5, 4.8275065422058105
454.5, 4.755768299102783
455.5, 4.724918365478516
456.5, 4.818458080291748
457.5, 4.75128173828125
458.5, 4.745543956756592
459.5, 4.779690742492676
460.5, 4.785904884338379
461.5, 4.775223255157471
462.5, 4.7895941734313965
463.5, 4.718319892883301
464.5, 4.74178409576416
465.5, 4.721225261688232
466.5, 4.672615051269531
467.5, 4.798286437988281
468.5, 4.66269588470459
469.5, 4.7417893409729
470.5, 4.68823766708374
471.5, 4.7298808097839355
472.5, 4.619912147521973
473.5, 4.701862335205078
474.5, 4.62523889541626
475.5, 4.738558292388916
476.5, 4.670170783996582
477.5, 4.724936485290527
478.5, 4.635532379150391
479.5, 4.652395725250244
480.5, 4.649967193603516
481.5, 4.574137210845947
482.5, 4.675088882446289
483.5, 4.593910217285156
484.5, 4.5127739906311035
485.5, 4.48513126373291
486.5, 4.556010723114014
487.5, 4.558938503265381
488.5, 4.578245639801025
489.5, 4.532963752746582
490.5, 4.582809925079346
491.5, 4.58155632019043
492.5, 4.476069450378418
493.5, 4.560946464538574
494.5, 4.511491775512695
495.5, 4.431148529052734
496.5, 4.534172534942627
497.5, 4.473607540130615
498.5, 4.548640727996826
499.5, 4.429946422576904
500.5, 4.4740471839904785
501.5, 4.4488606452941895
502.5, 4.476526737213135
503.5, 4.495469093322754
504.5, 4.414702415466309
505.5, 4.4319963455200195
506.5, 4.366052150726318
507.5, 4.387941837310791
508.5, 4.427474498748779
509.5, 4.501222133636475
510.5, 4.345053672790527
511.5, 4.4480881690979
512.5, 4.40767240524292
513.5, 4.441054821014404
514.5, 4.41966438293457
515.5, 4.3495917320251465
516.5, 4.3797125816345215
517.5, 4.308424949645996
518.5, 4.281222343444824
519.5, 4.272545337677002
520.5, 4.33516263961792
521.5, 4.35208797454834
522.5, 4.28203821182251
523.5, 4.2705159187316895
524.5, 4.26145601272583
525.5, 4.266806125640869
526.5, 4.2614593505859375
527.5, 4.221479415893555
528.5, 4.278798580169678
529.5, 4.225587844848633
530.5, 4.35373592376709
531.5, 4.224772930145264
532.5, 4.274221420288086
533.5, 4.312119960784912
534.5, 4.339740753173828
535.5, 4.271359920501709
536.5, 4.214520454406738
537.5, 4.215705394744873
538.5, 4.272167205810547
539.5, 4.240021705627441
540.5, 4.157202243804932
541.5, 4.294014930725098
542.5, 4.198397159576416
543.5, 4.194709300994873
544.5, 4.219810962677002
545.5, 4.065299987792969
546.5, 4.146874904632568
547.5, 4.172438144683838
548.5, 4.174945831298828
549.5, 4.085975170135498
550.5, 4.099518299102783
551.5, 4.1427788734436035
552.5, 4.087594032287598
553.5, 4.084312915802002
554.5, 4.010542392730713
555.5, 4.0484795570373535
556.5, 4.065308094024658
557.5, 4.029496669769287
558.5, 4.009711742401123
559.5, 4.069032192230225
560.5, 4.0093183517456055
561.5, 4.075622081756592
562.5, 3.9982380867004395
563.5, 3.853135824203491
564.5, 3.934321403503418
565.5, 4.0183916091918945
566.5, 3.902994155883789
567.5, 3.95082950592041
568.5, 3.9507925510406494
569.5, 3.8799383640289307
570.5, 3.9376132488250732
571.5, 3.87913179397583
572.5, 3.962341785430908
573.5, 3.885300397872925
574.5, 3.8206098079681396
575.5, 3.9248642921447754
576.5, 3.8626582622528076
577.5, 3.805351734161377
578.5, 3.816469192504883
579.5, 3.7583789825439453
580.5, 3.7975375652313232
581.5, 3.8598053455352783
582.5, 3.8865528106689453
583.5, 3.770761489868164
584.5, 3.753068208694458
585.5, 3.7307915687561035
586.5, 3.7221226692199707
587.5, 3.6945860385894775
588.5, 3.737452745437622
589.5, 3.6846601963043213
590.5, 3.6788854598999023
591.5, 3.63853120803833
592.5, 3.6574718952178955
593.5, 3.7242658138275146
594.5, 3.6480047702789307
595.5, 3.6545913219451904
596.5, 3.6377015113830566
597.5, 3.624530553817749
598.5, 3.6492691040039062
599.5, 3.601496934890747
600.5, 3.616302728652954
601.5, 3.610523223876953
602.5, 3.528970241546631
603.5, 3.6097495555877686
604.5, 3.535994052886963
605.5, 3.575542449951172
606.5, 3.5812981128692627
607.5, 3.4774739742279053
608.5, 3.4416518211364746
609.5, 3.458956003189087
610.5, 3.4317145347595215
611.5, 3.435072898864746
612.5, 3.45190167427063
613.5, 3.4395580291748047
614.5, 3.4445013999938965
615.5, 3.409911870956421
616.5, 3.4444971084594727
617.5, 3.4132184982299805
618.5, 3.3588316440582275
619.5, 3.3629229068756104
620.5, 3.3604390621185303
621.5, 3.3620569705963135
622.5, 3.343125104904175
623.5, 3.3632912635803223
624.5, 3.3386096954345703
625.5, 3.3476521968841553
626.5, 3.3793792724609375
627.5, 3.2611382007598877
628.5, 3.2940826416015625
629.5, 3.334070920944214
630.5, 3.2874906063079834
631.5, 3.261915922164917
632.5, 3.13629412651062
633.5, 3.1981112957000732
634.5, 3.202242851257324
635.5, 3.1754627227783203
636.5, 3.2108802795410156
637.5, 3.2182540893554688
638.5, 3.1272435188293457
639.5, 3.13712215423584
640.5, 3.1635169982910156
641.5, 3.1523871421813965
642.5, 3.164738893508911
643.5, 3.091801166534424
644.5, 3.125194787979126
645.5, 3.138770341873169
646.5, 3.0790345668792725
647.5, 3.090946674346924
648.5, 3.100863456726074
649.5, 3.0250794887542725
650.5, 3.017653465270996
651.5, 3.002823829650879
652.5, 3.0534780025482178
653.5, 2.992490768432617
654.5, 3.020526885986328
655.5, 2.9929251670837402
656.5, 2.968252658843994
657.5, 2.9274075031280518
658.5, 2.9385316371917725
659.5, 3.0073204040527344
660.5, 2.901472568511963
661.5, 2.939781665802002
662.5, 2.887456178665161
663.5, 2.9163014888763428
664.5, 2.877155303955078
665.5, 2.9051904678344727
666.5, 2.8425698280334473
667.5, 2.7683961391448975
668.5, 2.8182616233825684
669.5, 2.880032777786255
670.5, 2.867251396179199
671.5, 2.7741634845733643
672.5, 2.783658266067505
673.5, 2.7625985145568848
674.5, 2.741225242614746
675.5, 2.743285894393921
676.5, 2.785684585571289
677.5, 2.7131552696228027
678.5, 2.70125675201416
679.5, 2.7391552925109863
680.5, 2.653459310531616
681.5, 2.6818621158599854
682.5, 2.695060968399048
683.5, 2.6237571239471436
684.5, 2.7049202919006348
685.5, 2.6134438514709473
686.5, 2.6666061878204346
687.5, 2.6208887100219727
688.5, 2.555389881134033
689.5, 2.6163599491119385
690.5, 2.6048405170440674
691.5, 2.5484023094177246
692.5, 2.557046413421631
693.5, 2.5891916751861572
694.5, 2.5340285301208496
695.5, 2.526921272277832
696.5, 2.449531316757202
697.5, 2.4692516326904297
698.5, 2.4569034576416016
699.5, 2.3658664226531982
700.5, 2.4713428020477295
701.5, 2.423949956893921
702.5, 2.454026222229004
703.5, 2.4000792503356934
704.5, 2.4597952365875244
705.5, 2.455280303955078
706.5, 2.4322385787963867
707.5, 2.384399175643921
708.5, 2.3461174964904785
709.5, 2.349410057067871
710.5, 2.3180699348449707
711.5, 2.2710931301116943
712.5, 2.3032259941101074
713.5, 2.3584578037261963
714.5, 2.315601110458374
715.5, 2.2476253509521484
716.5, 2.259171485900879
717.5, 2.3107173442840576
718.5, 2.281820297241211
719.5, 2.2859582901000977
720.5, 2.2319509983062744
721.5, 2.2081000804901123
722.5, 2.2179455757141113
723.5, 2.1887335777282715
724.5, 2.191166877746582
725.5, 2.1372017860412598
726.5, 2.1747171878814697
727.5, 2.140122175216675
728.5, 2.121135950088501
729.5, 2.1161959171295166
730.5, 2.0758025646209717
731.5, 2.059758186340332
732.5, 2.079540967941284
733.5, 2.1075408458709717
734.5, 2.056004762649536
735.5, 2.0576882362365723
736.5, 2.047834873199463
737.5, 2.0572729110717773
738.5, 2.0193841457366943
739.5, 2.0115413665771484
740.5, 1.994640827178955
741.5, 1.9926114082336426
742.5, 1.9357349872589111
743.5, 1.955141305923462
744.5, 1.909793734550476
745.5, 1.9283099174499512
746.5, 1.8899903297424316
747.5, 1.9361306428909302
748.5, 1.9262144565582275
749.5, 1.8953850269317627
750.5, 1.8702263832092285
751.5, 1.8566375970840454
752.5, 1.833178997039795
753.5, 1.8018354177474976
754.5, 1.8859195709228516
755.5, 1.8109118938446045
756.5, 1.799363374710083
757.5, 1.7660001516342163
758.5, 1.7495323419570923
759.5, 1.7734062671661377
760.5, 1.7499154806137085
761.5, 1.758604645729065
762.5, 1.7759368419647217
763.5, 1.7515816688537598
764.5, 1.7293481826782227
765.5, 1.6737293004989624
766.5, 1.7507740259170532
767.5, 1.7132554054260254
768.5, 1.7025638818740845
769.5, 1.6428323984146118
770.5, 1.6902153491973877
771.5, 1.6069904565811157
772.5, 1.653115153312683
773.5, 1.6646767854690552
774.5, 1.6028218269348145
775.5, 1.6131861209869385
776.5, 1.5822561979293823
777.5, 1.5484907627105713
778.5, 1.5579636096954346
779.5, 1.519217848777771
780.5, 1.5422769784927368
781.5, 1.5661566257476807
782.5, 1.4850043058395386
783.5, 1.4891234636306763
784.5, 1.487891674041748
785.5, 1.5282738208770752
786.5, 1.4862815141677856
787.5, 1.482565999031067
788.5, 1.4775692224502563
789.5, 1.453672170639038
790.5, 1.4236297607421875
791.5, 1.4018263816833496
792.5, 1.3968617916107178
793.5, 1.4269075393676758
794.5, 1.3750172853469849
795.5, 1.4108617305755615
796.5, 1.391050934791565
797.5, 1.335031509399414
798.5, 1.3935558795928955
799.5, 1.3160842657089233
800.5, 1.3371392488479614
801.5, 1.3156830072402954
802.5, 1.3172889947891235
803.5, 1.2897720336914062
804.5, 1.2983986139297485
805.5, 1.276572346687317
806.5, 1.29133939743042
807.5, 1.2662153244018555
808.5, 1.283166766166687
809.5, 1.26790452003479
810.5, 1.241544485092163
811.5, 1.2584037780761719
812.5, 1.1851173639297485
813.5, 1.2143324613571167
814.5, 1.210625171661377
815.5, 1.2031878232955933
816.5, 1.1929420232772827
817.5, 1.2003499269485474
818.5, 1.213125228881836
819.5, 1.169826865196228
820.5, 1.1739544868469238
821.5, 1.1348460912704468
822.5, 1.1611846685409546
823.5, 1.1109663248062134
824.5, 1.1690211296081543
825.5, 1.1583526134490967
826.5, 1.1550705432891846
827.5, 1.1257400512695312
828.5, 1.1616264581680298
829.5, 1.1405730247497559
830.5, 1.1068357229232788
831.5, 1.173552393913269
832.5, 1.1579060554504395
833.5, 1.155040979385376
834.5, 1.1599668264389038
835.5, 1.1237056255340576
836.5, 1.1323140859603882
837.5, 1.1191760301589966
838.5, 1.1142014265060425
839.5, 1.1191800832748413
840.5, 1.0729845762252808
841.5, 1.084128499031067
842.5, 1.0845428705215454
843.5, 1.0573341846466064
844.5, 1.0400720834732056
845.5, 1.0689321756362915
846.5, 1.082112193107605
847.5, 1.0573630332946777
848.5, 1.0170013904571533
849.5, 1.021906852722168
850.5, 1.0046182870864868
851.5, 1.0219405889511108
852.5, 1.0540810823440552
853.5, 0.9634623527526855
854.5, 0.9968116283416748
855.5, 0.9828166365623474
856.5, 0.9609549045562744
857.5, 0.9234395027160645
858.5, 0.9696218371391296
859.5, 0.8917447924613953
860.5, 0.9321187734603882
861.5, 0.8559227585792542
862.5, 0.8789545893669128
863.5, 0.8798304796218872
864.5, 0.8637368083000183
865.5, 0.8649629354476929
866.5, 0.8533971309661865
867.5, 0.8336893916130066
868.5, 0.8455657958984375
869.5, 0.8163621425628662
870.5, 0.8114354014396667
871.5, 0.8007067441940308
872.5, 0.7829806804656982
873.5, 0.7953507304191589
874.5, 0.7640408873558044
875.5, 0.7677192687988281
876.5, 0.7170707583427429
877.5, 0.749168336391449
878.5, 0.7067517042160034
879.5, 0.7186948657035828
880.5, 0.6996957063674927
881.5, 0.7059664726257324
882.5, 0.707607090473175
883.5, 0.6964375972747803
884.5, 0.6840964555740356
885.5, 0.6623138189315796
886.5, 0.6256058812141418
887.5, 0.6511765122413635
888.5, 0.6259775161743164
889.5, 0.593467116355896
890.5, 0.6136544942855835
891.5, 0.5749244093894958
892.5, 0.6156864762306213
893.5, 0.5711925029754639
894.5, 0.5642222166061401
895.5, 0.5510479807853699
896.5, 0.5287725925445557
897.5, 0.5415628552436829
898.5, 0.526739776134491
899.5, 0.5489649176597595
900.5, 0.516840934753418
901.5, 0.5258951187133789
902.5, 0.514379620552063
903.5, 0.5003517270088196
904.5, 0.48387816548347473
905.5, 0.4789324402809143
906.5, 0.4504670798778534
907.5, 0.4867572486400604
908.5, 0.4764423072338104
909.5, 0.4464055597782135
910.5, 0.43934381008148193
911.5, 0.44268351793289185
912.5, 0.4390125274658203
913.5, 0.43032175302505493
914.5, 0.38954323530197144
915.5, 0.3961089253425598
916.5, 0.3825218677520752
917.5, 0.39321663975715637
918.5, 0.38375455141067505
919.5, 0.37634509801864624
920.5, 0.3516297936439514
921.5, 0.3487284779548645
922.5, 0.3413156569004059
923.5, 0.34425243735313416
924.5, 0.3248363435268402
925.5, 0.3244391679763794
926.5, 0.31208565831184387
927.5, 0.3199335038661957
928.5, 0.29763832688331604
929.5, 0.2964039444923401
930.5, 0.2819722890853882
931.5, 0.2939138114452362
932.5, 0.26061809062957764
933.5, 0.257260262966156
934.5, 0.26879557967185974
935.5, 0.26343783736228943
936.5, 0.2597578167915344
937.5, 0.25313445925712585
938.5, 0.24659676849842072
939.5, 0.2309134304523468
940.5, 0.2156132459640503
941.5, 0.22676537930965424
942.5, 0.2181149423122406
943.5, 0.2161027044057846
944.5, 0.20329928398132324
945.5, 0.21565692126750946
946.5, 0.19212819635868073
947.5, 0.19876639544963837
948.5, 0.18640628457069397
949.5, 0.1719721257686615
950.5, 0.1666548103094101
951.5, 0.17610616981983185
952.5, 0.15632174909114838
953.5, 0.16247954964637756
954.5, 0.14437609910964966
955.5, 0.14231690764427185
956.5, 0.13451024889945984
957.5, 0.13905052840709686
958.5, 0.1369493156671524
959.5, 0.13327836990356445
960.5, 0.13573472201824188
961.5, 0.11722174286842346
962.5, 0.11511310189962387
963.5, 0.11225297302007675
964.5, 0.10484431684017181
965.5, 0.09906142950057983
966.5, 0.09824318438768387
967.5, 0.0994495376944542
968.5, 0.09165194630622864
969.5, 0.081317238509655
970.5, 0.08423422276973724
971.5, 0.0702236220240593
972.5, 0.07186092436313629
973.5, 0.07107152044773102
974.5, 0.056586284190416336
975.5, 0.05866525322198868
976.5, 0.0640559196472168
977.5, 0.060355294495821
978.5, 0.05128873512148857
979.5, 0.04139899089932442
980.5, 0.04505593702197075
981.5, 0.04879776015877724
982.5, 0.04594339430332184
983.5, 0.04139404743909836
984.5, 0.030234504491090775
985.5, 0.04013001546263695
986.5, 0.02779296785593033
987.5, 0.031079113483428955
988.5, 0.030242744833230972
989.5, 0.022418787702918053
990.5, 0.02285221591591835
991.5, 0.02778390422463417
992.5, 0.02408987656235695
993.5, 0.019526518881320953
994.5, 0.01830204203724861
995.5, 0.017872733995318413
996.5, 0.013758462853729725
997.5, 0.01458411943167448
998.5, 0.01418447494506836
999.5, 0.01626344583928585
1000.5, 0.014591535553336143
1001.5, 0.010902450419962406
1002.5, 0.012101382948458195
1003.5, 0.008847374469041824
1004.5, 0.0096936309710145
1005.5, 0.004312858451157808
1006.5, 0.004287314135581255
1007.5, 0.005495309829711914
1008.5, 0.0039025023579597473
1009.5, 0.0039016781374812126
1010.5, 0.003893438261002302
1011.5, 0.0026327057275921106
1012.5, 0.0038530617021024227
1013.5, 0.0022923904471099377
1014.5, 0.0022182296961545944
1015.5, 0.001453550299629569
1016.5, 0.002246245974674821
1017.5, 0.001390925608575344
1018.5, 0.0014313020510599017
1019.5, 0.0022726142778992653
1020.5, 0.0006089419475756586
1021.5, 0.0018095216946676373
1022.5, 0.0026327057275921106
1023.5, 0.0006031739176250994
1024.5, 0.0009929296793416142
1025.5, 0.000583397748414427
1026.5, 0.0006097659934312105
1027.5, 0.0014197658747434616
1028.5, 0.0006039979052729905
1029.5, 0.000634486204944551
1030.5, 0.0005586774786934257
1031.5, 0.0005998779088258743
1032.5, 0.0005842217360623181
1033.5, 0.0005842217360623181
1034.5, 0.0006138860480859876
1035.5, 0.0005652695544995368
1036.5, 0.000578453647904098
1037.5, 0.0005768056726083159
1038.5, 0.0005916377995163202
1039.5, 0.0005858697695657611
1040.5, 0.0006476703565567732
1041.5, 0.0005743336514569819
1042.5, 0.0006097659934312105
1043.5, 0.0005660935421474278
1044.5, 0.0005405492847785354
1045.5, 0.0006114139687269926
1046.5, 0.0005908138118684292
1047.5, 0.0005850457237102091
1048.5, 0.0006171820568852127
1049.5, 0.0005726856179535389
1050.5, 0.0005974058294668794
1051.5, 0.0005883417907170951
1052.5, 0.0006542624323628843
1053.5, 0.0005883417907170951
1054.5, 0.0005916377995163202
1055.5, 0.0005924617871642113
1056.5, 0.0006229500868357718
1057.5, 0.0006245981203392148
1058.5, 0.000583397748414427
1059.5, 0.0006105899810791016
1060.5, 0.0005627975333482027
1061.5, 0.0006130620022304356
1062.5, 0.0005957578541710973
1063.5, 0.0005957578541710973
1064.5, 0.0006221260991878808
1065.5, 0.0006254221079871058
1066.5, 0.0005726856179535389
1067.5, 0.0006097659934312105
1068.5, 0.0006229500868357718
1069.5, 0.0006147100357338786
1070.5, 0.0006089419475756586
1071.5, 0.0005768056726083159
1072.5, 0.0005965818418189883
1073.5, 0.0006072939722798765
1074.5, 0.0006105899810791016
1075.5, 0.0005924617871642113
1076.5, 0.0005908138118684292
1077.5, 0.00063366221729666
1078.5, 0.0005916377995163202
1079.5, 0.0005710375844500959
1080.5, 0.000581749714910984
1081.5, 0.0005595014663413167
1082.5, 0.0006031739176250994
1083.5, 0.000575981626752764
1084.5, 0.0006056459387764335
1085.5, 0.0005710375844500959
1086.5, 0.0005825737025588751
1087.5, 0.0005941098206676543
1088.5, 0.0006229500868357718
1089.5, 0.0005941098206676543
1090.5, 0.0005899897660128772
1091.5, 0.0005735096056014299
1092.5, 0.0006237741326913238
1093.5, 0.0006072939722798765
1094.5, 0.0006229500868357718
1095.5, 0.0005908138118684292
1096.5, 0.0005924617871642113
1097.5, 0.0006509663653559983
1098.5, 0.0005743336514569819
1099.5, 0.0005644455086439848
1100.5, 0.0005743336514569819
1101.5, 0.0005982298753224313
1102.5, 0.0006435503019019961
1103.5, 0.0006015258841216564
1104.5, 0.0006204780656844378
1105.5, 0.0005858697695657611
1106.5, 0.0006147100357338786
1107.5, 0.0006320141837932169
1108.5, 0.0006287181749939919
1109.5, 0.0006641505169682205
1110.5, 0.0006270701414905488
1111.5, 0.0005990538629703224
1112.5, 0.0006410782807506621
1113.5, 0.0006863987073302269
1114.5, 0.0006089419475756586
1115.5, 0.0006278941291384399
1116.5, 0.000634486204944551
1117.5, 0.0006089419475756586
1118.5, 0.000578453647904098
1119.5, 0.0006295421626418829
1120.5, 0.0006007018964737654
1121.5, 0.0006237741326913238
1122.5, 0.0006213021115399897
1123.5, 0.0005842217360623181
1124.5, 0.0006105899810791016
1125.5, 0.0006114139687269926
1126.5, 0.0006072939722798765
1127.5, 0.0006204780656844378
1128.5, 0.0006138860480859876
1129.5, 0.0006451983354054391
1130.5, 0.0006427263142541051
1131.5, 0.0006097659934312105
1132.5, 0.0006007018964737654
1133.5, 0.0006328382296487689
1134.5, 0.0005932858330197632
1135.5, 0.0006427263142541051
1136.5, 0.0006138860480859876
1137.5, 0.0006270701414905488
1138.5, 0.0006204780656844378
1139.5, 0.0005932858330197632
1140.5, 0.0005858697695657611
1141.5, 0.0005627975333482027
1142.5, 0.0006270701414905488
1143.5, 0.0006039979052729905
1144.5, 0.000635310250800103
1145.5, 0.0005726856179535389
1146.5, 0.000578453647904098
1147.5, 0.0006105899810791016
1148.5, 0.0005809256690554321
1149.5, 0.0006023499299772084
1150.5, 0.000581749714910984
1151.5, 0.000637782271951437
1152.5, 0.0005916377995163202
1153.5, 0.0006072939722798765
1154.5, 0.0006213021115399897
1155.5, 0.0006056459387764335
1156.5, 0.000578453647904098
1157.5, 0.0006147100357338786
1158.5, 0.0005421973182819784
1159.5, 0.000578453647904098
1160.5, 0.000583397748414427
1161.5, 0.0005875177448615432
1162.5, 0.0006015258841216564
1163.5, 0.0005693896091543138
1164.5, 0.0005924617871642113
1165.5, 0.0005842217360623181
1166.5, 0.0005693896091543138
1167.5, 0.0006229500868357718
1168.5, 0.0005949338083155453
1169.5, 0.0006155340233817697
1170.5, 0.000578453647904098
1171.5, 0.0005595014663413167
1172.5, 0.0005875177448615432
1173.5, 0.0005825737025588751
1174.5, 0.0006295421626418829
1175.5, 0.0006229500868357718
1176.5, 0.0006221260991878808
1177.5, 0.00057927769375965
1178.5, 0.0006081179599277675
1179.5, 0.0005998779088258743
1180.5, 0.0005735096056014299
1181.5, 0.0005949338083155453
1182.5, 0.0005677415756508708
1183.5, 0.0006163580692373216
1184.5, 0.0005957578541710973
1185.5, 0.0006163580692373216
1186.5, 0.0005768056726083159
1187.5, 0.0005866937572136521
1188.5, 0.0006031739176250994
1189.5, 0.0005603255121968687
1190.5, 0.0005899897660128772
1191.5, 0.000637782271951437
1192.5, 0.0005636215209960938
1193.5, 0.0005743336514569819
1194.5, 0.0006163580692373216
1195.5, 0.0005562054575420916
1196.5, 0.0006097659934312105
1197.5, 0.0005924617871642113
1198.5, 0.0005743336514569819
1199.5, 0.000578453647904098
1200.5, 0.0005627975333482027
1201.5, 0.0006130620022304356
1202.5, 0.0006007018964737654
1203.5, 0.0005842217360623181
1204.5, 0.0006180060445331037
1205.5, 0.0005866937572136521
1206.5, 0.0006114139687269926
1207.5, 0.0005726856179535389
1208.5, 0.0006114139687269926
1209.5, 0.0006007018964737654
1210.5, 0.0005941098206676543
1211.5, 0.0005537334363907576
1212.5, 0.0006081179599277675
1213.5, 0.0005726856179535389
1214.5, 0.0005949338083155453
1215.5, 0.0005496133817359805
1216.5, 0.0005636215209960938
1217.5, 0.0005932858330197632
1218.5, 0.0006064699264243245
1219.5, 0.000637782271951437
1220.5, 0.0005858697695657611
1221.5, 0.0005825737025588751
1222.5, 0.0006328382296487689
1223.5, 0.0005809256690554321
1224.5, 0.000580101681407541
1225.5, 0.0006097659934312105
1226.5, 0.0005858697695657611
1227.5, 0.0005842217360623181
1228.5, 0.0006023499299772084
1229.5, 0.0005932858330197632
1230.5, 0.0005512614152394235
1231.5, 0.0006320141837932169
1232.5, 0.0006163580692373216
1233.5, 0.0005619734874926507
1234.5, 0.0006311901961453259
1235.5, 0.000575981626752764
1236.5, 0.0005875177448615432
1237.5, 0.0005619734874926507
1238.5, 0.0006147100357338786
1239.5, 0.0006155340233817697
1240.5, 0.0005899897660128772
1241.5, 0.0005974058294668794
1242.5, 0.0005899897660128772
1243.5, 0.0005891657783649862
1244.5, 0.000637782271951437
1245.5, 0.0006105899810791016
1246.5, 0.0005949338083155453
1247.5, 0.0006155340233817697
1248.5, 0.000577629660256207
1249.5, 0.0005990538629703224
1250.5, 0.0005636215209960938
1251.5, 0.0006015258841216564
1252.5, 0.0006188300903886557
1253.5, 0.0005545574240386486
1254.5, 0.0005726856179535389
1255.5, 0.0005990538629703224
1256.5, 0.0005850457237102091
1257.5, 0.0005586774786934257
1258.5, 0.0006081179599277675
1259.5, 0.0005685655632987618
1260.5, 0.0005669175880029798
1261.5, 0.000575981626752764
1262.5, 0.0006188300903886557
1263.5, 0.0005751576391048729
1264.5, 0.0005512614152394235
1265.5, 0.0005421973182819784
1266.5, 0.0005570294451899827
1267.5, 0.0005735096056014299
1268.5, 0.0006015258841216564
1269.5, 0.000580101681407541
1270.5, 0.0005957578541710973
1271.5, 0.0006056459387764335
1272.5, 0.0006180060445331037
1273.5, 0.0005990538629703224
1274.5, 0.0006023499299772084
1275.5, 0.0006171820568852127
1276.5, 0.0005825737025588751
1277.5, 0.0005611494998447597
1278.5, 0.0006097659934312105
1279.5, 0.0006007018964737654
1280.5, 0.0005693896091543138
1281.5, 0.0005924617871642113
1282.5, 0.0005875177448615432
1283.5, 0.0005908138118684292
1284.5, 0.0005982298753224313
1285.5, 0.0005883417907170951
1286.5, 0.0006007018964737654
1287.5, 0.0005949338083155453
1288.5, 0.0005479653482325375
1289.5, 0.0005957578541710973
1290.5, 0.0006064699264243245
1291.5, 0.0005693896091543138
1292.5, 0.0005899897660128772
1293.5, 0.000575981626752764
1294.5, 0.0005578534910455346
1295.5, 0.0005520854028873146
1296.5, 0.0006081179599277675
1297.5, 0.0005595014663413167
1298.5, 0.0005677415756508708
1299.5, 0.0005751576391048729
1300.5, 0.0005858697695657611
1301.5, 0.0005924617871642113
1302.5, 0.0005875177448615432
1303.5, 0.0005974058294668794
1304.5, 0.0005875177448615432
1305.5, 0.0005858697695657611
1306.5, 0.0005974058294668794
1307.5, 0.0005726856179535389
1308.5, 0.000575981626752764
1309.5, 0.000577629660256207
1310.5, 0.0005619734874926507
1311.5, 0.0005669175880029798
1312.5, 0.0005899897660128772
1313.5, 0.0005677415756508708
1314.5, 0.0006278941291384399
1315.5, 0.0005496133817359805
1316.5, 0.000575981626752764
1317.5, 0.0005685655632987618
1318.5, 0.000578453647904098
1319.5, 0.0005924617871642113
1320.5, 0.0005652695544995368
1321.5, 0.0005825737025588751
1322.5, 0.0005537334363907576
1323.5, 0.0005487893940880895
1324.5, 0.0006114139687269926
1325.5, 0.0005627975333482027
1326.5, 0.0006081179599277675
1327.5, 0.0006048219511285424
1328.5, 0.0005998779088258743
1329.5, 0.0005726856179535389
1330.5, 0.0005908138118684292
1331.5, 0.0005916377995163202
1332.5, 0.0005932858330197632
1333.5, 0.0005932858330197632
1334.5, 0.000578453647904098
1335.5, 0.0005281891790218651
1336.5, 0.0005660935421474278
1337.5, 0.000577629660256207
1338.5, 0.0005908138118684292
1339.5, 0.0005652695544995368
1340.5, 0.0006072939722798765
1341.5, 0.0005471413605846465
1342.5, 0.0005866937572136521
1343.5, 0.0005562054575420916
1344.5, 0.000581749714910984
1345.5, 0.0005768056726083159
1346.5, 0.0006476703565567732
1347.5, 0.0005562054575420916
1348.5, 0.0005463173729367554
1349.5, 0.0006122380145825446
1350.5, 0.0005356052424758673
1351.5, 0.000583397748414427
1352.5, 0.0005768056726083159
1353.5, 0.0005710375844500959
1354.5, 0.0005735096056014299
1355.5, 0.0005710375844500959
1356.5, 0.0005298372125253081
1357.5, 0.0005438453517854214
1358.5, 0.00057927769375965
1359.5, 0.0005660935421474278
1360.5, 0.0005496133817359805
1361.5, 0.0005735096056014299
1362.5, 0.0005924617871642113
1363.5, 0.0005397252971306443
1364.5, 0.0005710375844500959
1365.5, 0.0005578534910455346
1366.5, 0.0005957578541710973
1367.5, 0.0006097659934312105
1368.5, 0.000580101681407541
1369.5, 0.0005611494998447597
1370.5, 0.0005710375844500959
1371.5, 0.0005545574240386486
1372.5, 0.0006188300903886557
1373.5, 0.0005627975333482027
1374.5, 0.0005595014663413167
1375.5, 0.0005677415756508708
1376.5, 0.0005751576391048729
1377.5, 0.0005702135968022048
1378.5, 0.0005743336514569819
1379.5, 0.0005735096056014299
1380.5, 0.0005825737025588751
1381.5, 0.0005974058294668794
1382.5, 0.00063366221729666
1383.5, 0.0006031739176250994
1384.5, 0.0005487893940880895
1385.5, 0.000577629660256207
1386.5, 0.0006007018964737654
1387.5, 0.000581749714910984
1388.5, 0.0005965818418189883
1389.5, 0.000583397748414427
1390.5, 0.000640254293102771
1391.5, 0.0005982298753224313
1392.5, 0.0006328382296487689
1393.5, 0.0005875177448615432
1394.5, 0.0006163580692373216
1395.5, 0.000575981626752764
1396.5, 0.0006303662084974349
1397.5, 0.0006105899810791016
1398.5, 0.0006039979052729905
1399.5, 0.0006163580692373216
1400.5, 0.000583397748414427
1401.5, 0.0005842217360623181
1402.5, 0.0006097659934312105
1403.5, 0.0005858697695657611
1404.5, 0.0006229500868357718
1405.5, 0.0005924617871642113
1406.5, 0.0005965818418189883
1407.5, 0.0005595014663413167
1408.5, 0.0005553814698942006
1409.5, 0.0006163580692373216
1410.5, 0.0006007018964737654
1411.5, 0.000580101681407541
1412.5, 0.0005545574240386486
1413.5, 0.0005965818418189883
1414.5, 0.0005669175880029798
1415.5, 0.0005941098206676543
1416.5, 0.0005990538629703224
1417.5, 0.0005627975333482027
1418.5, 0.0005957578541710973
1419.5, 0.0006114139687269926
1420.5, 0.0005982298753224313
1421.5, 0.0005405492847785354
1422.5, 0.0006064699264243245
1423.5, 0.0006147100357338786
1424.5, 0.0005669175880029798
1425.5, 0.0005875177448615432
1426.5, 0.0005768056726083159
1427.5, 0.0006138860480859876
1428.5, 0.0005660935421474278
1429.5, 0.0006023499299772084
1430.5, 0.0005603255121968687
1431.5, 0.0005743336514569819
1432.5, 0.0006147100357338786
1433.5, 0.0005743336514569819
1434.5, 0.0005693896091543138
1435.5, 0.0005768056726083159
1436.5, 0.0005842217360623181
1437.5, 0.0005463173729367554
1438.5, 0.0005866937572136521
1439.5, 0.0005504373693838716
1440.5, 0.0006188300903886557
1441.5, 0.0006254221079871058
1442.5, 0.0005619734874926507
1443.5, 0.0005891657783649862
1444.5, 0.0005619734874926507
1445.5, 0.0005347812548279762
1446.5, 0.0005916377995163202
1447.5, 0.0005883417907170951
1448.5, 0.0005454933270812035
1449.5, 0.0005627975333482027
1450.5, 0.0005974058294668794
1451.5, 0.0005660935421474278
1452.5, 0.0005380772636272013
1453.5, 0.0005891657783649862
1454.5, 0.0005735096056014299
1455.5, 0.0005850457237102091
1456.5, 0.0005726856179535389
1457.5, 0.000581749714910984
1458.5, 0.0006048219511285424
1459.5, 0.0005331332213245332
1460.5, 0.0005710375844500959
1461.5, 0.000580101681407541
1462.5, 0.0005743336514569819
1463.5, 0.0005850457237102091
1464.5, 0.0005611494998447597
1465.5, 0.0005825737025588751
1466.5, 0.0005438453517854214
1467.5, 0.0005866937572136521
1468.5, 0.0006163580692373216
1469.5, 0.0005932858330197632
1470.5, 0.0005809256690554321
1471.5, 0.0005965818418189883
1472.5, 0.0005899897660128772
1473.5, 0.0005718616303056479
1474.5, 0.0005990538629703224
1475.5, 0.0006089419475756586
1476.5, 0.000580101681407541
1477.5, 0.000583397748414427
1478.5, 0.0005726856179535389
1479.5, 0.0005504373693838716
1480.5, 0.0005685655632987618
1481.5, 0.0006007018964737654
1482.5, 0.0006114139687269926
1483.5, 0.0006237741326913238
1484.5, 0.0005891657783649862
1485.5, 0.0005430213059298694
1486.5, 0.0005899897660128772
1487.5, 0.0005743336514569819
1488.5, 0.0005660935421474278
1489.5, 0.0005644455086439848
1490.5, 0.0005372532759793103
1491.5, 0.0005496133817359805
1492.5, 0.0005611494998447597
1493.5, 0.0005883417907170951
1494.5, 0.0005537334363907576
1495.5, 0.0005842217360623181
1496.5, 0.0005397252971306443
1497.5, 0.0005982298753224313
1498.5, 0.0005965818418189883
1499.5, 0.0005809256690554321
1500.5, 0.0005899897660128772
1501.5, 0.0005718616303056479
1502.5, 0.0005553814698942006
1503.5, 0.0005562054575420916
1504.5, 0.0005636215209960938
1505.5, 0.000575981626752764
1506.5, 0.00057927769375965
1507.5, 0.0005825737025588751
1508.5, 0.0005512614152394235
1509.5, 0.0005562054575420916
1510.5, 0.0005356052424758673
1511.5, 0.0006097659934312105
1512.5, 0.0005891657783649862
1513.5, 0.0005768056726083159
1514.5, 0.0005537334363907576
1515.5, 0.0005850457237102091
1516.5, 0.0005751576391048729
1517.5, 0.0005421973182819784
1518.5, 0.0005669175880029798
1519.5, 0.0005735096056014299
1520.5, 0.0005586774786934257
1521.5, 0.0005924617871642113
1522.5, 0.0005347812548279762
1523.5, 0.0005611494998447597
1524.5, 0.00057927769375965
1525.5, 0.0005924617871642113
1526.5, 0.0005924617871642113
1527.5, 0.0005619734874926507
1528.5, 0.0005454933270812035
1529.5, 0.0005520854028873146
1530.5, 0.0005644455086439848
1531.5, 0.0005735096056014299
1532.5, 0.0005298372125253081
1533.5, 0.0005842217360623181
1534.5, 0.0005652695544995368
1535.5, 0.0005644455086439848
1536.5, 0.0005685655632987618
1537.5, 0.000575981626752764
1538.5, 0.0005595014663413167
1539.5, 0.00057927769375965
1540.5, 0.0005636215209960938
1541.5, 0.0005562054575420916
1542.5, 0.0005520854028873146
1543.5, 0.0005273651913739741
1544.5, 0.0005471413605846465
1545.5, 0.0005504373693838716
1546.5, 0.0005413733306340873
1547.5, 0.0005941098206676543
1548.5, 0.0005866937572136521
1549.5, 0.0005768056726083159
1550.5, 0.0005553814698942006
1551.5, 0.0005496133817359805
1552.5, 0.0006180060445331037
1553.5, 0.0005240691243670881
1554.5, 0.0005677415756508708
1555.5, 0.0005965818418189883
1556.5, 0.0005347812548279762
1557.5, 0.0005471413605846465
1558.5, 0.0005578534910455346
1559.5, 0.0005998779088258743
1560.5, 0.0005430213059298694
1561.5, 0.0005611494998447597
1562.5, 0.0005842217360623181
1563.5, 0.0005578534910455346
1564.5, 0.0005743336514569819
1565.5, 0.0005512614152394235
1566.5, 0.0005413733306340873
1567.5, 0.0005858697695657611
1568.5, 0.0005941098206676543
1569.5, 0.0005471413605846465
1570.5, 0.0005825737025588751
1571.5, 0.0005842217360623181
1572.5, 0.0005669175880029798
1573.5, 0.0005768056726083159
1574.5, 0.000583397748414427
1575.5, 0.000581749714910984
1576.5, 0.00057927769375965
1577.5, 0.0005627975333482027
1578.5, 0.0005487893940880895
1579.5, 0.0005660935421474278
1580.5, 0.0005866937572136521
1581.5, 0.0005405492847785354
1582.5, 0.0005529094487428665
1583.5, 0.0005899897660128772
1584.5, 0.0005743336514569819
1585.5, 0.0005924617871642113
1586.5, 0.0005809256690554321
1587.5, 0.0005545574240386486
1588.5, 0.0005479653482325375
1589.5, 0.0005644455086439848
1590.5, 0.0005768056726083159
1591.5, 0.0005578534910455346
1592.5, 0.0005323092336766422
1593.5, 0.0005570294451899827
1594.5, 0.0005949338083155453
1595.5, 0.0005421973182819784
1596.5, 0.0005735096056014299
1597.5, 0.0005487893940880895
1598.5, 0.0005512614152394235
1599.5, 0.0005578534910455346
1600.5, 0.0005850457237102091
1601.5, 0.0005644455086439848
1602.5, 0.0005364292883314192
1603.5, 0.0005454933270812035
1604.5, 0.0005619734874926507
1605.5, 0.0005891657783649862
1606.5, 0.0005347812548279762
1607.5, 0.0005595014663413167
1608.5, 0.0005627975333482027
1609.5, 0.0005644455086439848
1610.5, 0.0005298372125253081
1611.5, 0.0005644455086439848
1612.5, 0.0005768056726083159
1613.5, 0.0005356052424758673
1614.5, 0.0005356052424758673
1615.5, 0.0005059409886598587
1616.5, 0.0005347812548279762
1617.5, 0.0005726856179535389
1618.5, 0.0005570294451899827
1619.5, 0.0005158290732651949
1620.5, 0.000519949069712311
1621.5, 0.0005397252971306443
1622.5, 0.0005529094487428665
1623.5, 0.0005380772636272013
1624.5, 0.000577629660256207
1625.5, 0.0005669175880029798
1626.5, 0.0005504373693838716
1627.5, 0.000581749714910984
1628.5, 0.0005636215209960938
1629.5, 0.0005529094487428665
1630.5, 0.0005619734874926507
1631.5, 0.0005660935421474278
1632.5, 0.0005463173729367554
1633.5, 0.0005389013094827533
1634.5, 0.0005446693394333124
1635.5, 0.0005347812548279762
1636.5, 0.0005133570521138608
1637.5, 0.0005677415756508708
1638.5, 0.0005306612001731992
1639.5, 0.0005075889639556408
1640.5, 0.0005290131666697562
1641.5, 0.0005627975333482027
1642.5, 0.0005652695544995368
1643.5, 0.0005529094487428665
1644.5, 0.0005397252971306443
1645.5, 0.0005454933270812035
1646.5, 0.0005463173729367554
1647.5, 0.0005430213059298694
1648.5, 0.0005183010944165289
1649.5, 0.0005438453517854214
1650.5, 0.0005421973182819784
1651.5, 0.0005512614152394235
1652.5, 0.0005768056726083159
1653.5, 0.0005306612001731992
1654.5, 0.0005331332213245332
1655.5, 0.0005389013094827533
1656.5, 0.0005735096056014299
1657.5, 0.0005562054575420916
1658.5, 0.0005413733306340873
1659.5, 0.0005685655632987618
1660.5, 0.00052489317022264
1661.5, 0.0005298372125253081
1662.5, 0.0005356052424758673
1663.5, 0.0005471413605846465
1664.5, 0.0005413733306340873
1665.5, 0.0005463173729367554
1666.5, 0.0005306612001731992
1667.5, 0.0005578534910455346
1668.5, 0.0005306612001731992
1669.5, 0.0005586774786934257
1670.5, 0.0005166530609130859
1671.5, 0.0005504373693838716
1672.5, 0.0005578534910455346
1673.5, 0.0005356052424758673
1674.5, 0.0005421973182819784
1675.5, 0.0005372532759793103
1676.5, 0.0005257171578705311
1677.5, 0.0005281891790218651
1678.5, 0.0005669175880029798
1679.5, 0.0005471413605846465
1680.5, 0.0004993489128537476
1681.5, 0.0005084130098111928
1682.5, 0.0005265411455184221
1683.5, 0.0005529094487428665
1684.5, 0.0005718616303056479
1685.5, 0.0005364292883314192
1686.5, 0.0005487893940880895
1687.5, 0.0005372532759793103
1688.5, 0.0005067649763077497
1689.5, 0.000521597103215754
1690.5, 0.00052489317022264
1691.5, 0.0005421973182819784
1692.5, 0.0005430213059298694
1693.5, 0.0005389013094827533
1694.5, 0.0005257171578705311
1695.5, 0.0005471413605846465
1696.5, 0.0005487893940880895
1697.5, 0.0005067649763077497
1698.5, 0.0005108850309625268
1699.5, 0.0005389013094827533
1700.5, 0.0005051169428043067
1701.5, 0.0005084130098111928
1702.5, 0.0005166530609130859
1703.5, 0.000519949069712311
1704.5, 0.000580101681407541
1705.5, 0.0005183010944165289
1706.5, 0.0005504373693838716
1707.5, 0.0005389013094827533
1708.5, 0.0005339572089724243
1709.5, 0.0005100609851069748
1710.5, 0.0005627975333482027
1711.5, 0.0005314851878210902
1712.5, 0.0005084130098111928
1713.5, 0.0005578534910455346
1714.5, 0.0005438453517854214
1715.5, 0.0005520854028873146
1716.5, 0.0005430213059298694
1717.5, 0.000521597103215754
1718.5, 0.0005496133817359805
1719.5, 0.0005578534910455346
1720.5, 0.0005413733306340873
1721.5, 0.0005669175880029798
1722.5, 0.0005487893940880895
1723.5, 0.000521597103215754
1724.5, 0.0005421973182819784
1725.5, 0.0005553814698942006
1726.5, 0.0005281891790218651
1727.5, 0.0005520854028873146
1728.5, 0.000578453647904098
1729.5, 0.0005702135968022048
1730.5, 0.0005479653482325375
1731.5, 0.0005471413605846465
1732.5, 0.0005529094487428665
1733.5, 0.0005644455086439848
1734.5, 0.0005660935421474278
1735.5, 0.0005619734874926507
1736.5, 0.0006023499299772084
1737.5, 0.0005446693394333124
1738.5, 0.0005743336514569819
1739.5, 0.0005768056726083159
1740.5, 0.0005595014663413167
1741.5, 0.0005768056726083159
1742.5, 0.0005891657783649862
1743.5, 0.0005825737025588751
1744.5, 0.0005413733306340873
1745.5, 0.0005636215209960938
1746.5, 0.0005603255121968687
1747.5, 0.0005842217360623181
1748.5, 0.0006097659934312105
1749.5, 0.0005875177448615432
1750.5, 0.0006295421626418829
1751.5, 0.0006575584411621094
1752.5, 0.00057927769375965
1753.5, 0.0006550864200107753
1754.5, 0.0005924617871642113
1755.5, 0.0006245981203392148
1756.5, 0.0006311901961453259
1757.5, 0.0006213021115399897
1758.5, 0.0006517904112115502
1759.5, 0.0006460223230533302
1760.5, 0.0006501423777081072
1761.5, 0.0005974058294668794
1762.5, 0.0005974058294668794
1763.5, 0.0006534383865073323
1764.5, 0.0006245981203392148
1765.5, 0.0006394302472472191
1766.5, 0.0006245981203392148
1767.5, 0.0006394302472472191
1768.5, 0.0006180060445331037
1769.5, 0.0006147100357338786
1770.5, 0.0006542624323628843
1771.5, 0.0006270701414905488
1772.5, 0.0006196540780365467
1773.5, 0.0006427263142541051
1774.5, 0.000638606259599328
1775.5, 0.0006204780656844378
1776.5, 0.0006699185469187796
1777.5, 0.0006715665804222226
1778.5, 0.0006493183900602162
1779.5, 0.0006814546650275588
1780.5, 0.0006007018964737654
1781.5, 0.0006171820568852127
1782.5, 0.0006072939722798765
1783.5, 0.0006188300903886557
1784.5, 0.0006311901961453259
1785.5, 0.00063366221729666
1786.5, 0.0006188300903886557
1787.5, 0.0006328382296487689
1788.5, 0.000636134238447994
1789.5, 0.0006023499299772084
1790.5, 0.000580101681407541
1791.5, 0.0006559104076586664
1792.5, 0.000636958226095885
1793.5, 0.0006476703565567732
1794.5, 0.0006427263142541051
1795.5, 0.0006089419475756586
1796.5, 0.0005586774786934257
1797.5, 0.0006517904112115502
1798.5, 0.0005949338083155453
1799.5, 0.0006699185469187796
1800.5, 0.0006600304623134434
1801.5, 0.0006245981203392148
1802.5, 0.0005949338083155453
1803.5, 0.0006171820568852127
1804.5, 0.000634486204944551
1805.5, 0.0006320141837932169
1806.5, 0.0006056459387764335
1807.5, 0.0006114139687269926
1808.5, 0.0006072939722798765
1809.5, 0.0006138860480859876
1810.5, 0.00063366221729666
1811.5, 0.0006064699264243245
1812.5, 0.000636134238447994
1813.5, 0.000637782271951437
1814.5, 0.000634486204944551
1815.5, 0.0006039979052729905
1816.5, 0.0006245981203392148
1817.5, 0.0006295421626418829
1818.5, 0.0005866937572136521
1819.5, 0.0006468463689088821
1820.5, 0.0006097659934312105
1821.5, 0.0006196540780365467
1822.5, 0.0006188300903886557
1823.5, 0.0006130620022304356
1824.5, 0.0006443742895498872
1825.5, 0.0006245981203392148
1826.5, 0.0005998779088258743
1827.5, 0.0006031739176250994
1828.5, 0.0005677415756508708
1829.5, 0.0005875177448615432
1830.5, 0.0006213021115399897
1831.5, 0.0006204780656844378
1832.5, 0.0006690945592708886
1833.5, 0.0006748625892214477
1834.5, 0.0006476703565567732
1835.5, 0.0006419022683985531
1836.5, 0.0006295421626418829
1837.5, 0.0006476703565567732
1838.5, 0.0006114139687269926
1839.5, 0.0006690945592708886
1840.5, 0.0006542624323628843
1841.5, 0.0006517904112115502
1842.5, 0.0006451983354054391
1843.5, 0.0006138860480859876
1844.5, 0.0006435503019019961
1845.5, 0.0006056459387764335
1846.5, 0.0006229500868357718
1847.5, 0.000637782271951437
1848.5, 0.0006690945592708886
1849.5, 0.0006270701414905488
1850.5, 0.0006303662084974349
1851.5, 0.0006048219511285424
1852.5, 0.0006542624323628843
1853.5, 0.0006534383865073323
1854.5, 0.0005957578541710973
1855.5, 0.0006048219511285424
1856.5, 0.000636134238447994
1857.5, 0.0005949338083155453
1858.5, 0.0006419022683985531
1859.5, 0.0006278941291384399
1860.5, 0.000637782271951437
1861.5, 0.0006229500868357718
1862.5, 0.0006419022683985531
1863.5, 0.0006394302472472191
1864.5, 0.0006575584411621094
1865.5, 0.0005990538629703224
1866.5, 0.0006789826438762248
1867.5, 0.0006567344535142183
1868.5, 0.0006278941291384399
1869.5, 0.000636134238447994
1870.5, 0.0006707425927743316
1871.5, 0.000640254293102771
1872.5, 0.000637782271951437
1873.5, 0.000636134238447994
1874.5, 0.0006320141837932169
1875.5, 0.0006171820568852127
1876.5, 0.0006460223230533302
1877.5, 0.0006427263142541051
1878.5, 0.0006608545081689954
1879.5, 0.0006229500868357718
1880.5, 0.0005866937572136521
1881.5, 0.0006262461538426578
1882.5, 0.0006740386015735567
1883.5, 0.000636134238447994
1884.5, 0.0006097659934312105
1885.5, 0.0006237741326913238
1886.5, 0.000635310250800103
1887.5, 0.000636958226095885
1888.5, 0.0006484943442046642
1889.5, 0.00063366221729666
1890.5, 0.0006460223230533302
1891.5, 0.0006204780656844378
1892.5, 0.0006526143988594413
1893.5, 0.0006056459387764335
1894.5, 0.0006130620022304356
1895.5, 0.0006896947743371129
1896.5, 0.0006839266861788929
1897.5, 0.0006245981203392148
1898.5, 0.0006625024834647775
1899.5, 0.0006493183900602162
1900.5, 0.000635310250800103
1901.5, 0.0006213021115399897
1902.5, 0.0006122380145825446
1903.5, 0.000636958226095885
1904.5, 0.0006419022683985531
1905.5, 0.0006237741326913238
1906.5, 0.000637782271951437
1907.5, 0.0006138860480859876
1908.5, 0.0006583824288100004
1909.5, 0.0005652695544995368
1910.5, 0.0006237741326913238
1911.5, 0.0006517904112115502
1912.5, 0.0006138860480859876
1913.5, 0.000637782271951437
1914.5, 0.0006270701414905488
1915.5, 0.0006435503019019961
1916.5, 0.0006237741326913238
1917.5, 0.0006254221079871058
1918.5, 0.00063366221729666
1919.5, 0.0006237741326913238
1920.5, 0.0006443742895498872
1921.5, 0.0006105899810791016
1922.5, 0.0006056459387764335
1923.5, 0.0006320141837932169
1924.5, 0.0006270701414905488
1925.5, 0.0006484943442046642
1926.5, 0.0006270701414905488
1927.5, 0.0006204780656844378
1928.5, 0.0006089419475756586
1929.5, 0.0006311901961453259
1930.5, 0.0006311901961453259
1931.5, 0.0006213021115399897
1932.5, 0.0005899897660128772
1933.5, 0.0006320141837932169
1934.5, 0.0006509663653559983
1935.5, 0.0006254221079871058
1936.5, 0.0005916377995163202
1937.5, 0.0006509663653559983
1938.5, 0.0006320141837932169
1939.5, 0.0006196540780365467
1940.5, 0.000636134238447994
1941.5, 0.0006270701414905488
1942.5, 0.0005990538629703224
1943.5, 0.000640254293102771
1944.5, 0.0006196540780365467
1945.5, 0.0006460223230533302
1946.5, 0.0005957578541710973
1947.5, 0.0006221260991878808
1948.5, 0.0006476703565567732
1949.5, 0.000640254293102771
1950.5, 0.000636958226095885
1951.5, 0.0006130620022304356
1952.5, 0.0006262461538426578
1953.5, 0.0006410782807506621
1954.5, 0.0006081179599277675
1955.5, 0.0006394302472472191
1956.5, 0.0006320141837932169
1957.5, 0.0006089419475756586
1958.5, 0.0006517904112115502
1959.5, 0.00057927769375965
1960.5, 0.0006427263142541051
1961.5, 0.0006394302472472191
1962.5, 0.0006105899810791016
1963.5, 0.0006056459387764335
1964.5, 0.0006081179599277675
1965.5, 0.0006171820568852127
1966.5, 0.0006493183900602162
1967.5, 0.00063366221729666
1968.5, 0.0006666225381195545
1969.5, 0.0006221260991878808
1970.5, 0.0005899897660128772
1971.5, 0.0006278941291384399
1972.5, 0.0005825737025588751
1973.5, 0.0005982298753224313
1974.5, 0.000635310250800103
1975.5, 0.0006229500868357718
1976.5, 0.0006171820568852127
1977.5, 0.0006328382296487689
1978.5, 0.0006262461538426578
1979.5, 0.0006064699264243245
1980.5, 0.0006229500868357718
1981.5, 0.0006245981203392148
1982.5, 0.0005685655632987618
1983.5, 0.0005998779088258743
1984.5, 0.0006476703565567732
1985.5, 0.0006493183900602162
1986.5, 0.0005553814698942006
1987.5, 0.0006616784958168864
1988.5, 0.0005990538629703224
1989.5, 0.0006427263142541051
1990.5, 0.0005965818418189883
1991.5, 0.0006007018964737654
1992.5, 0.0006097659934312105
1993.5, 0.0006072939722798765
1994.5, 0.0006023499299772084
1995.5, 0.0006130620022304356
1996.5, 0.0006015258841216564
1997.5, 0.0006147100357338786
1998.5, 0.0006303662084974349
1999.5, 0.000638606259599328
2000.5, 0.000577629660256207
2001.5, 0.000635310250800103
2002.5, 0.0006204780656844378
2003.5, 0.0006468463689088821
2004.5, 0.0005924617871642113
2005.5, 0.0006171820568852127
2006.5, 0.0006443742895498872
2007.5, 0.0006097659934312105
2008.5, 0.0005941098206676543
2009.5, 0.0006262461538426578
2010.5, 0.0006254221079871058
2011.5, 0.0006451983354054391
2012.5, 0.0006105899810791016
2013.5, 0.0006254221079871058
2014.5, 0.0006122380145825446
2015.5, 0.0006023499299772084
2016.5, 0.0006155340233817697
2017.5, 0.0006056459387764335
2018.5, 0.000635310250800103
2019.5, 0.0005982298753224313
2020.5, 0.000640254293102771
2021.5, 0.0006419022683985531
2022.5, 0.0006130620022304356
2023.5, 0.0006254221079871058
2024.5, 0.000637782271951437
2025.5, 0.0006229500868357718
2026.5, 0.0005743336514569819
2027.5, 0.0006089419475756586
2028.5, 0.0005974058294668794
2029.5, 0.0006295421626418829
2030.5, 0.0005941098206676543
2031.5, 0.000575981626752764
2032.5, 0.0006163580692373216
2033.5, 0.000581749714910984
2034.5, 0.0006287181749939919
2035.5, 0.0005990538629703224
2036.5, 0.0005883417907170951
2037.5, 0.0005949338083155453
2038.5, 0.00057927769375965
2039.5, 0.0006015258841216564
2040.5, 0.0005908138118684292
2041.5, 0.0006278941291384399
2042.5, 0.0006674465257674456
2043.5, 0.0006039979052729905
2044.5, 0.0006122380145825446
2045.5, 0.0005908138118684292
2046.5, 0.0005974058294668794
2047.5, 0.0005735096056014299
2048.5, 0.0005932858330197632
2049.5, 0.0006155340233817697
2050.5, 0.0006394302472472191
2051.5, 0.0006254221079871058
2052.5, 0.0006048219511285424
2053.5, 0.0005941098206676543
2054.5, 0.0005842217360623181
2055.5, 0.0006138860480859876
2056.5, 0.0005932858330197632
2057.5, 0.0005974058294668794
2058.5, 0.0006114139687269926
2059.5, 0.0005825737025588751
2060.5, 0.0005965818418189883
2061.5, 0.0006031739176250994
2062.5, 0.0006081179599277675
2063.5, 0.0006270701414905488
2064.5, 0.0006007018964737654
2065.5, 0.0006114139687269926
2066.5, 0.0005908138118684292
2067.5, 0.0006114139687269926
2068.5, 0.0005875177448615432
2069.5, 0.0006081179599277675
2070.5, 0.00057927769375965
2071.5, 0.0006517904112115502
2072.5, 0.0006039979052729905
2073.5, 0.0006221260991878808
2074.5, 0.0006204780656844378
2075.5, 0.0005660935421474278
2076.5, 0.0006031739176250994
2077.5, 0.0005553814698942006
2078.5, 0.0006311901961453259
2079.5, 0.0005718616303056479
2080.5, 0.0006229500868357718
2081.5, 0.0006509663653559983
2082.5, 0.000640254293102771
2083.5, 0.00057927769375965
2084.5, 0.0005842217360623181
2085.5, 0.0006048219511285424
2086.5, 0.000583397748414427
2087.5, 0.0005998779088258743
2088.5, 0.0006031739176250994
2089.5, 0.0005974058294668794
2090.5, 0.0006048219511285424
2091.5, 0.000575981626752764
2092.5, 0.0005463173729367554
2093.5, 0.0005908138118684292
2094.5, 0.0005965818418189883
2095.5, 0.000581749714910984
2096.5, 0.000637782271951437
2097.5, 0.0005735096056014299
2098.5, 0.0005982298753224313
2099.5, 0.0006394302472472191
2100.5, 0.0005726856179535389
2101.5, 0.0005858697695657611
2102.5, 0.0006254221079871058
2103.5, 0.0005743336514569819
2104.5, 0.0005718616303056479
2105.5, 0.0006254221079871058
2106.5, 0.0005735096056014299
2107.5, 0.0005974058294668794
2108.5, 0.0006015258841216564
2109.5, 0.0006007018964737654
2110.5, 0.0005537334363907576
2111.5, 0.0006229500868357718
2112.5, 0.0005965818418189883
2113.5, 0.000583397748414427
2114.5, 0.0005858697695657611
2115.5, 0.0005998779088258743
2116.5, 0.0005570294451899827
2117.5, 0.0006007018964737654
2118.5, 0.0005520854028873146
2119.5, 0.0006196540780365467
2120.5, 0.000581749714910984
2121.5, 0.0005850457237102091
2122.5, 0.0005932858330197632
2123.5, 0.0005949338083155453
2124.5, 0.0006048219511285424
2125.5, 0.0006641505169682205
2126.5, 0.0005998779088258743
2127.5, 0.0006056459387764335
2128.5, 0.0006213021115399897
2129.5, 0.0006180060445331037
2130.5, 0.0005932858330197632
2131.5, 0.0005974058294668794
2132.5, 0.000577629660256207
2133.5, 0.0005982298753224313
2134.5, 0.0005339572089724243
2135.5, 0.0005949338083155453
2136.5, 0.0006155340233817697
2137.5, 0.0005990538629703224
2138.5, 0.0006081179599277675
2139.5, 0.0005529094487428665
2140.5, 0.0005603255121968687
2141.5, 0.0005751576391048729
2142.5, 0.0005743336514569819
2143.5, 0.0005570294451899827
2144.5, 0.0006048219511285424
2145.5, 0.0006270701414905488
2146.5, 0.0005908138118684292
2147.5, 0.0005454933270812035
2148.5, 0.0005768056726083159
2149.5, 0.00057927769375965
2150.5, 0.0005866937572136521
2151.5, 0.0005685655632987618
2152.5, 0.0005891657783649862
2153.5, 0.000637782271951437
2154.5, 0.000575981626752764
2155.5, 0.000577629660256207
2156.5, 0.0005932858330197632
2157.5, 0.0006221260991878808
2158.5, 0.000634486204944551
2159.5, 0.0005866937572136521
2160.5, 0.0006122380145825446
2161.5, 0.0006081179599277675
2162.5, 0.0005842217360623181
2163.5, 0.0005949338083155453
2164.5, 0.0005726856179535389
2165.5, 0.0005809256690554321
2166.5, 0.0006254221079871058
2167.5, 0.00057927769375965
2168.5, 0.0005652695544995368
2169.5, 0.0005718616303056479
2170.5, 0.0005702135968022048
2171.5, 0.0005825737025588751
2172.5, 0.0005825737025588751
2173.5, 0.0005866937572136521
2174.5, 0.000578453647904098
2175.5, 0.0006105899810791016
2176.5, 0.0005883417907170951
2177.5, 0.0005611494998447597
2178.5, 0.00057927769375965
2179.5, 0.00063366221729666
2180.5, 0.0005611494998447597
2181.5, 0.0005924617871642113
2182.5, 0.0006039979052729905
2183.5, 0.0005669175880029798
2184.5, 0.0005875177448615432
2185.5, 0.0005965818418189883
2186.5, 0.0005932858330197632
2187.5, 0.0005652695544995368
2188.5, 0.0005710375844500959
2189.5, 0.0005908138118684292
2190.5, 0.0005965818418189883
2191.5, 0.000583397748414427
2192.5, 0.0005685655632987618
2193.5, 0.0006130620022304356
2194.5, 0.00057927769375965
2195.5, 0.0005578534910455346
2196.5, 0.0005710375844500959
2197.5, 0.0005619734874926507
2198.5, 0.000578453647904098
2199.5, 0.0005974058294668794
2200.5, 0.0006163580692373216
2201.5, 0.0005908138118684292
2202.5, 0.0006320141837932169
2203.5, 0.0005965818418189883
2204.5, 0.0005982298753224313
2205.5, 0.0006130620022304356
2206.5, 0.0005397252971306443
2207.5, 0.0006221260991878808
2208.5, 0.0005842217360623181
2209.5, 0.0005858697695657611
2210.5, 0.0006245981203392148
2211.5, 0.0005685655632987618
2212.5, 0.0006443742895498872
2213.5, 0.0005974058294668794
2214.5, 0.0006015258841216564
2215.5, 0.0006270701414905488
2216.5, 0.0005924617871642113
2217.5, 0.000636958226095885
2218.5, 0.0005537334363907576
2219.5, 0.000583397748414427
2220.5, 0.0006039979052729905
2221.5, 0.0006213021115399897
2222.5, 0.0005710375844500959
2223.5, 0.0006056459387764335
2224.5, 0.0005883417907170951
2225.5, 0.0005990538629703224
2226.5, 0.0005768056726083159
2227.5, 0.0005751576391048729
2228.5, 0.000577629660256207
2229.5, 0.000578453647904098
2230.5, 0.0005875177448615432
2231.5, 0.0005866937572136521
2232.5, 0.0005916377995163202
2233.5, 0.0005891657783649862
2234.5, 0.0005998779088258743
2235.5, 0.0005850457237102091
2236.5, 0.0005669175880029798
2237.5, 0.0006015258841216564
2238.5, 0.0005891657783649862
2239.5, 0.0005875177448615432
2240.5, 0.0005693896091543138
2241.5, 0.0006188300903886557
2242.5, 0.0006031739176250994
2243.5, 0.0005578534910455346
2244.5, 0.0005652695544995368
2245.5, 0.0005735096056014299
2246.5, 0.0005545574240386486
2247.5, 0.0005520854028873146
2248.5, 0.0006056459387764335
2249.5, 0.0005768056726083159
2250.5, 0.0006311901961453259
2251.5, 0.0005677415756508708
2252.5, 0.0005768056726083159
2253.5, 0.0005858697695657611
2254.5, 0.0005891657783649862
2255.5, 0.0005504373693838716
2256.5, 0.0005619734874926507
2257.5, 0.0005941098206676543
2258.5, 0.0005768056726083159
2259.5, 0.0005899897660128772
2260.5, 0.0005677415756508708
2261.5, 0.0005916377995163202
2262.5, 0.0005957578541710973
2263.5, 0.0005553814698942006
2264.5, 0.00057927769375965
2265.5, 0.000523245136719197
2266.5, 0.0005941098206676543
2267.5, 0.0005768056726083159
2268.5, 0.0005479653482325375
2269.5, 0.0005908138118684292
2270.5, 0.0005842217360623181
2271.5, 0.0005611494998447597
2272.5, 0.0005660935421474278
2273.5, 0.0005899897660128772
2274.5, 0.0005545574240386486
2275.5, 0.0005454933270812035
2276.5, 0.0005891657783649862
2277.5, 0.0005611494998447597
2278.5, 0.0005570294451899827
2279.5, 0.0005619734874926507
2280.5, 0.0005677415756508708
2281.5, 0.0005595014663413167
2282.5, 0.0005331332213245332
2283.5, 0.0005751576391048729
2284.5, 0.0005693896091543138
2285.5, 0.0005454933270812035
2286.5, 0.0004993489128537476
2287.5, 0.000575981626752764
2288.5, 0.0005751576391048729
2289.5, 0.0005446693394333124
2290.5, 0.0005331332213245332
2291.5, 0.0005660935421474278
2292.5, 0.0005866937572136521
2293.5, 0.0005504373693838716
2294.5, 0.0005669175880029798
2295.5, 0.0005710375844500959
2296.5, 0.0005636215209960938
2297.5, 0.0005339572089724243
2298.5, 0.0005652695544995368
2299.5, 0.0005619734874926507
2300.5, 0.0005883417907170951
2301.5, 0.0005553814698942006
2302.5, 0.0005331332213245332
2303.5, 0.0005339572089724243
2304.5, 0.0005306612001731992
2305.5, 0.0005735096056014299
2306.5, 0.0005183010944165289
2307.5, 0.0005545574240386486
2308.5, 0.0005438453517854214
2309.5, 0.0005726856179535389
2310.5, 0.0006064699264243245
2311.5, 0.0005768056726083159
2312.5, 0.0005627975333482027
2313.5, 0.0005603255121968687
2314.5, 0.0005166530609130859
2315.5, 0.0005899897660128772
2316.5, 0.0005364292883314192
2317.5, 0.0005446693394333124
2318.5, 0.0005463173729367554
2319.5, 0.0005487893940880895
2320.5, 0.0005356052424758673
2321.5, 0.0005265411455184221
2322.5, 0.000583397748414427
2323.5, 0.0005669175880029798
2324.5, 0.0005141810397617519
2325.5, 0.000522421149071306
2326.5, 0.0005644455086439848
2327.5, 0.0005298372125253081
2328.5, 0.0005075889639556408
2329.5, 0.0005389013094827533
2330.5, 0.0005158290732651949
2331.5, 0.0005570294451899827
2332.5, 0.0005356052424758673
2333.5, 0.0005117090186104178
2334.5, 0.0005397252971306443
2335.5, 0.000520773115567863
2336.5, 0.0005339572089724243
2337.5, 0.0005347812548279762
2338.5, 0.0005669175880029798
2339.5, 0.0005438453517854214
2340.5, 0.0005314851878210902
2341.5, 0.0005314851878210902
2342.5, 0.0005084130098111928
2343.5, 0.0005117090186104178
2344.5, 0.0004977008793503046
2345.5, 0.0005339572089724243
2346.5, 0.0005487893940880895
2347.5, 0.0005438453517854214
2348.5, 0.0005298372125253081
2349.5, 0.0004952288581989706
2350.5, 0.0005298372125253081
2351.5, 0.0005430213059298694
2352.5, 0.0005075889639556408
2353.5, 0.0004944048705510795
2354.5, 0.0005150050274096429
2355.5, 0.000521597103215754
2356.5, 0.0005150050274096429
2357.5, 0.0005356052424758673
2358.5, 0.0005397252971306443
2359.5, 0.0005009968881495297
2360.5, 0.0004993489128537476
2361.5, 0.0005018209340050817
2362.5, 0.0005166530609130859
2363.5, 0.0005314851878210902
2364.5, 0.0005092369974590838
2365.5, 0.0005356052424758673
2366.5, 0.0005372532759793103
2367.5, 0.00047957271453924477
2368.5, 0.0005298372125253081
2369.5, 0.0005430213059298694
2370.5, 0.0005586774786934257
2371.5, 0.0005009968881495297
2372.5, 0.00048534077359363437
2373.5, 0.000520773115567863
2374.5, 0.0005141810397617519
2375.5, 0.0005067649763077497
2376.5, 0.00045238042366690934
2377.5, 0.0004927568370476365
2378.5, 0.0005372532759793103
2379.5, 0.0004968768917024136
2380.5, 0.0004960528458468616
2381.5, 0.0005059409886598587
2382.5, 0.0004878127947449684
2383.5, 0.0004886367823928595
2384.5, 0.000517477048560977
2385.5, 0.0005084130098111928
2386.5, 0.00047215662198141217
2387.5, 0.0004878127947449684
2388.5, 0.0005100609851069748
2389.5, 0.0005125330062583089
2390.5, 0.0004902848158963025
2391.5, 0.0005273651913739741
2392.5, 0.000523245136719197
2393.5, 0.0005018209340050817
2394.5, 0.0005009968881495297
2395.5, 0.00047133263433352113
2396.5, 0.00046556457527913153
2397.5, 0.0005075889639556408
2398.5, 0.000517477048560977
2399.5, 0.0005092369974590838
2400.5, 0.0004738046554848552
2401.5, 0.00052489317022264
2402.5, 0.00047133263433352113
2403.5, 0.0005026449216529727
2404.5, 0.00051912508206442
2405.5, 0.0005240691243670881
2406.5, 0.0004977008793503046
2407.5, 0.0005150050274096429
2408.5, 0.0004738046554848552
2409.5, 0.00048286872333846986
2410.5, 0.0004894608282484114
2411.5, 0.0005380772636272013
2412.5, 0.0005075889639556408
2413.5, 0.00048286872333846986
2414.5, 0.0005059409886598587
2415.5, 0.0005026449216529727
2416.5, 0.0004968768917024136
2417.5, 0.0005446693394333124
2418.5, 0.0004729806387331337
2419.5, 0.00046474055852741003
2420.5, 0.000462268537376076
2421.5, 0.00047710066428408027
2422.5, 0.0004820447356905788
2423.5, 0.00045238042366690934
2424.5, 0.00048451675684191287
2425.5, 0.0005108850309625268
2426.5, 0.000523245136719197
2427.5, 0.0004746286431327462
2428.5, 0.00046474055852741003
2429.5, 0.0005075889639556408
2430.5, 0.0005108850309625268
2431.5, 0.00047792468103580177
2432.5, 0.0004952288581989706
2433.5, 0.000462268537376076
2434.5, 0.0005183010944165289
2435.5, 0.0004820447356905788
2436.5, 0.0005117090186104178
2437.5, 0.0004869887779932469
2438.5, 0.0004738046554848552
2439.5, 0.000517477048560977
2440.5, 0.0004762766766361892
2441.5, 0.0004630925541277975
2442.5, 0.0004878127947449684
2443.5, 0.0004680365964304656
2444.5, 0.0004861647612415254
2445.5, 0.0004762766766361892
2446.5, 0.00046391654177568853
2447.5, 0.00048451675684191287
2448.5, 0.0004861647612415254
2449.5, 0.0004886367823928595
2450.5, 0.00048534077359363437
2451.5, 0.0004944048705510795
2452.5, 0.00046556457527913153
2453.5, 0.00045402845717035234
2454.5, 0.00046556457527913153
2455.5, 0.0004672125796787441
2456.5, 0.0004688605840783566
2457.5, 0.0004878127947449684
2458.5, 0.00046474055852741003
2459.5, 0.0004869887779932469
2460.5, 0.0004935808246955276
2461.5, 0.00044743638136424124
2462.5, 0.0004342522588558495
2463.5, 0.00047874869778752327
2464.5, 0.000435076275607571
2465.5, 0.0004960528458468616
2466.5, 0.00047792468103580177
2467.5, 0.00042024411959573627
2468.5, 0.00046556457527913153
2469.5, 0.00048451675684191287
2470.5, 0.00045320444041863084
2471.5, 0.0005042929551564157
2472.5, 0.0004985248669981956
2473.5, 0.000519949069712311
2474.5, 0.00047133263433352113
2475.5, 0.0004911088035441935
2476.5, 0.0004869887779932469
2477.5, 0.00046391654177568853
2478.5, 0.0005026449216529727
2479.5, 0.0004886367823928595
2480.5, 0.0005067649763077497
2481.5, 0.0004630925541277975
2482.5, 0.0004630925541277975
2483.5, 0.0004746286431327462
2484.5, 0.00045814848272129893
2485.5, 0.00043260425445623696
2486.5, 0.0004886367823928595
2487.5, 0.0004565004783216864
2488.5, 0.0004688605840783566
2489.5, 0.0004400203179102391
2490.5, 0.0004663885629270226
2491.5, 0.00047874869778752327
2492.5, 0.0004342522588558495
2493.5, 0.00048451675684191287
2494.5, 0.00046474055852741003
2495.5, 0.0004944048705510795
2496.5, 0.0004342522588558495
2497.5, 0.0004441403434611857
2498.5, 0.0004565004783216864
2499.5, 0.0004342522588558495
2500.5, 0.00044743638136424124
2501.5, 0.0004729806387331337
2502.5, 0.0004861647612415254
2503.5, 0.0004663885629270226
2504.5, 0.00045320444041863084
2505.5, 0.0004663885629270226
2506.5, 0.00043013220420107245
2507.5, 0.0004630925541277975
2508.5, 0.000435076275607571
2509.5, 0.00044166832230985165
2510.5, 0.00041942010284401476
2511.5, 0.00043260425445623696
2512.5, 0.0004293082165531814
2513.5, 0.000433428242104128
2514.5, 0.0004441403434611857
2515.5, 0.0004449643602129072
2516.5, 0.00045814848272129893
2517.5, 0.0004408443346619606
2518.5, 0.00043178023770451546
2519.5, 0.0004515564360190183
2520.5, 0.00044743638136424124
2521.5, 0.00043754829675890505
2522.5, 0.00043754829675890505
2523.5, 0.0004466123937163502
2524.5, 0.00044331635581329465
2525.5, 0.00044166832230985165
2526.5, 0.0004466123937163502
2527.5, 0.0004383722844067961
2528.5, 0.0004499084025155753
2529.5, 0.0004227161407470703
2530.5, 0.0004045879759360105
2531.5, 0.00044826039811596274
2532.5, 0.0004556764615699649
2533.5, 0.0004746286431327462
2534.5, 0.0004111800226382911
2535.5, 0.00045238042366690934
2536.5, 0.00041942010284401476
2537.5, 0.00041942010284401476
2538.5, 0.0004342522588558495
2539.5, 0.00042518816189840436
2540.5, 0.0004499084025155753
2541.5, 0.0004408443346619606
2542.5, 0.00039964390452951193
2543.5, 0.00040705999708734453
2544.5, 0.0004169480816926807
2545.5, 0.00044331635581329465
2546.5, 0.00041447606054134667
2547.5, 0.0004293082165531814
2548.5, 0.00043013220420107245
2549.5, 0.00041942010284401476
2550.5, 0.00045238042366690934
2551.5, 0.0004276601830497384
2552.5, 0.00042601217865012586
2553.5, 0.00038481177762150764
2554.5, 0.00043672428000718355
2555.5, 0.0003757476806640625
2556.5, 0.0004235401574987918
2557.5, 0.0003971718833781779
2558.5, 0.0004120040393900126
2559.5, 0.00043013220420107245
2560.5, 0.00040705999708734453
2561.5, 0.0003938758745789528
2562.5, 0.00045485247392207384
2563.5, 0.0003872837987728417
2564.5, 0.000406235980335623
2565.5, 0.00039634789573028684
2566.5, 0.00039469986222684383
2567.5, 0.00041612409404478967
2568.5, 0.000435076275607571
2569.5, 0.00040129193803295493
2570.5, 0.00041942010284401476
2571.5, 0.0004054119635839015
2572.5, 0.00040129193803295493
2573.5, 0.0004054119635839015
2574.5, 0.0004103560349904001
2575.5, 0.0003988199168816209
2576.5, 0.00038975581992417574
2577.5, 0.00041530007729306817
2578.5, 0.0004054119635839015
2579.5, 0.0003551474947016686
2580.5, 0.0003914038243237883
2581.5, 0.000403763959184289
2582.5, 0.0004218921239953488
2583.5, 0.0003938758745789528
2584.5, 0.00040211595478467643
2585.5, 0.00042024411959573627
2586.5, 0.0003979959001298994
2587.5, 0.0003988199168816209
2588.5, 0.00037245164276100695
2589.5, 0.0003584435035008937
2590.5, 0.0003658595960587263
2591.5, 0.00039057983667589724
2592.5, 0.0003823397564701736
2593.5, 0.00037904371856711805
2594.5, 0.0004087080014869571
2595.5, 0.00037904371856711805
2596.5, 0.00037986773531883955
2597.5, 0.0003930518578272313
2598.5, 0.00038893180317245424
2599.5, 0.0004128280561417341
2600.5, 0.00041942010284401476
2601.5, 0.00037821970181539655
2602.5, 0.000345259380992502
2603.5, 0.0003592675202526152
2604.5, 0.0003757476806640625
2605.5, 0.00037821970181539655
2606.5, 0.0003716276551131159
2607.5, 0.00041447606054134667
2608.5, 0.0004095320182386786
2609.5, 0.0003773957141675055
2610.5, 0.00037986773531883955
2611.5, 0.0004045879759360105
2612.5, 0.0003823397564701736
2613.5, 0.00040046792128123343
2614.5, 0.0003353712963871658
2615.5, 0.0003394913219381124
2616.5, 0.0003806917229667306
2617.5, 0.00039469986222684383
2618.5, 0.0003864597820211202
2619.5, 0.00036256355815567076
2620.5, 0.000374923663912341
2621.5, 0.00037245164276100695
2622.5, 0.0003815157397184521
2623.5, 0.00037904371856711805
2624.5, 0.0003394913219381124
2625.5, 0.0003806917229667306
2626.5, 0.00037986773531883955
2627.5, 0.0003864597820211202
2628.5, 0.000374923663912341
2629.5, 0.000346907414495945
2630.5, 0.0003642115625552833
2631.5, 0.0003584435035008937
2632.5, 0.0003419633430894464
2633.5, 0.00036915563396178186
2634.5, 0.000347731402143836
2635.5, 0.00034443536424078047
2636.5, 0.0003394913219381124
2637.5, 0.00032713121618144214
2638.5, 0.00038563579437322915
2639.5, 0.000347731402143836
2640.5, 0.000349379435647279
2641.5, 0.000349379435647279
2642.5, 0.00037821970181539655
2643.5, 0.0003592675202526152
2644.5, 0.000346907414495945
2645.5, 0.00038316374411806464
2646.5, 0.00035761951585300267
2647.5, 0.0003658595960587263
2648.5, 0.00035020342329517007
2649.5, 0.0003460833977442235
2650.5, 0.00036833161721006036
2651.5, 0.0003419633430894464
2652.5, 0.00035185145679861307
2653.5, 0.0003394913219381124
2654.5, 0.00033866733429022133
2655.5, 0.0003304272540844977
2656.5, 0.0003526754444465041
2657.5, 0.0003699796216096729
2658.5, 0.0003345472796354443
2659.5, 0.0003419633430894464
2660.5, 0.00035679549910128117
2661.5, 0.00033207525848411024
2662.5, 0.00035597148234955966
2663.5, 0.00036833161721006036
2664.5, 0.00033784331753849983
2665.5, 0.0003296032373327762
2666.5, 0.00032548318267799914
2667.5, 0.0003230111615266651
2668.5, 0.0003065310011152178
2669.5, 0.0003279552038293332
2670.5, 0.00034443536424078047
2671.5, 0.00035102744004689157
2672.5, 0.0003460833977442235
2673.5, 0.00033125124173238873
2674.5, 0.0003238351782783866
2675.5, 0.00032713121618144214
2676.5, 0.0003122990601696074
2677.5, 0.00031971512362360954
2678.5, 0.0003353712963871658
2679.5, 0.0003427873598411679
2680.5, 0.00031641911482438445
2681.5, 0.0003221871447749436
2682.5, 0.0003172431024722755
2683.5, 0.0003221871447749436
2684.5, 0.0003131230769213289
2685.5, 0.0003065310011152178
2686.5, 0.0003188911359757185
2687.5, 0.00032053914037533104
2688.5, 0.00032630719942972064
2689.5, 0.0003419633430894464
2690.5, 0.00036256355815567076
2691.5, 0.00034443536424078047
2692.5, 0.00030323496321216226
2693.5, 0.000318067119223997
2694.5, 0.0003188911359757185
2695.5, 0.00030405897996388376
2696.5, 0.00034361137659288943
2697.5, 0.00028840283630415797
2698.5, 0.00031559509807266295
2699.5, 0.0002859308151528239
2700.5, 0.00032630719942972064
2701.5, 0.00029911493766121566
2702.5, 0.0003188911359757185
2703.5, 0.00030323496321216226
2704.5, 0.00033619528403505683
2705.5, 0.00030405897996388376
2706.5, 0.0003188911359757185
2707.5, 0.0003188911359757185
2708.5, 0.00030323496321216226
2709.5, 0.00030405897996388376
2710.5, 0.0003230111615266651
2711.5, 0.0003122990601696074
2712.5, 0.00028675480280071497
2713.5, 0.00033784331753849983
2714.5, 0.0003114750434178859
2715.5, 0.0002826347772497684
2716.5, 0.0003188911359757185
2717.5, 0.000290874857455492
2718.5, 0.00031394706456921995
2719.5, 0.00031065105576999485
2720.5, 0.0002842827816493809
2721.5, 0.0003081790346186608
2722.5, 0.00031559509807266295
2723.5, 0.0002760427014436573
2724.5, 0.0002949948830064386
2725.5, 0.00029252286185510457
2726.5, 0.0002851067984011024
2727.5, 0.0002760427014436573
2728.5, 0.00027274666354060173
2729.5, 0.0002645065833348781
2730.5, 0.00029911493766121566
2731.5, 0.00029334687860682607
2732.5, 0.0002916988742072135
2733.5, 0.0002719226758927107
2734.5, 0.00029417089535854757
2735.5, 0.0003221871447749436
2736.5, 0.0002916988742072135
2737.5, 0.00027439469704404473
2738.5, 0.00027933873934671283
2739.5, 0.00025791453663259745
2740.5, 0.00026368259568698704
2741.5, 0.00028757881955243647
2742.5, 0.0002776907349471003
2743.5, 0.00028675480280071497
2744.5, 0.0002785147225949913
2745.5, 0.0002645065833348781
2746.5, 0.0002645065833348781
2747.5, 0.0002719226758927107
2748.5, 0.00026697860448621213
2749.5, 0.00025791453663259745
2750.5, 0.00029911493766121566
2751.5, 0.00026203456218354404
2752.5, 0.0002809867437463254
2753.5, 0.00025791453663259745
2754.5, 0.0002710986591409892
2755.5, 0.0002851067984011024
2756.5, 0.0002661546168383211
2757.5, 0.00026203456218354404
2758.5, 0.00028016275609843433
2759.5, 0.00027439469704404473
2760.5, 0.00027439469704404473
2761.5, 0.00025791453663259745
2762.5, 0.0002480264229234308
2763.5, 0.0002785147225949913
2764.5, 0.0002496744564268738
2765.5, 0.00030323496321216226
2766.5, 0.00026862663798965514
2767.5, 0.0002537944819778204
2768.5, 0.0002710986591409892
2769.5, 0.0002768667181953788
2770.5, 0.00027439469704404473
2771.5, 0.0002537944819778204
2772.5, 0.0002488504396751523
2773.5, 0.00023154627706389874
2774.5, 0.00025049844407476485
2775.5, 0.00024061035946942866
2776.5, 0.00022989825811237097
2777.5, 0.00025709051988087595
2778.5, 0.00024061035946942866
2779.5, 0.0002546184987295419
2780.5, 0.00030323496321216226
2781.5, 0.0002653306000865996
2782.5, 0.00025791453663259745
2783.5, 0.0002447304141242057
2784.5, 0.0002480264229234308
2785.5, 0.0002546184987295419
2786.5, 0.00023566631716676056
2787.5, 0.00025791453663259745
2788.5, 0.00026285857893526554
2789.5, 0.0002603865577839315
2790.5, 0.0002496744564268738
2791.5, 0.00024143436166923493
2792.5, 0.00025214647757820785
2793.5, 0.0002233061968581751
2794.5, 0.00022577821800950915
2795.5, 0.0002546184987295419
2796.5, 0.00023896234051790088
2797.5, 0.00023154627706389874
2798.5, 0.00026285857893526554
2799.5, 0.0002488504396751523
2800.5, 0.00023896234051790088
2801.5, 0.00023649031936656684
2802.5, 0.00023072226031217724
2803.5, 0.00023154627706389874
2804.5, 0.0002496744564268738
2805.5, 0.0002373143215663731
2806.5, 0.0002496744564268738
2807.5, 0.00020929805759806186
2808.5, 0.00022742623696103692
2809.5, 0.00023978635726962239
2810.5, 0.00021259408094920218
2811.5, 0.00024637841852381825
2812.5, 0.00022083416115492582
2813.5, 0.00022001015895511955
2814.5, 0.00022989825811237097
2815.5, 0.00020435400074347854
2816.5, 0.0002373143215663731
2817.5, 0.0002381383383180946
2818.5, 0.0002381383383180946
2819.5, 0.00021424209990072995
2820.5, 0.00023237027926370502
2821.5, 0.00020929805759806186
2822.5, 0.00021506610210053623
2823.5, 0.0002060020196950063
2824.5, 0.00020517801749520004
2825.5, 0.00018952185928355902
2826.5, 0.00020517801749520004
2827.5, 0.00020847404084634036
2828.5, 0.0002018819795921445
2829.5, 0.00019199388043489307
2830.5, 0.00020517801749520004
2831.5, 0.00019528991833794862
2832.5, 0.0002018819795921445
2833.5, 0.00018704983813222498
2834.5, 0.00020517801749520004
2835.5, 0.00020435400074347854
2836.5, 0.00021259408094920218
2837.5, 0.00020517801749520004
2838.5, 0.00018869785708375275
2839.5, 0.00022413019905798137
2840.5, 0.00024061035946942866
2841.5, 0.00019446590158622712
2842.5, 0.00019364189938642085
2843.5, 0.0002060020196950063
2844.5, 0.00018622582138050348
2845.5, 0.00021259408094920218
2846.5, 0.00020023396064061671
2847.5, 0.00021341809770092368
2848.5, 0.00019776193948928267
2849.5, 0.00020023396064061671
2850.5, 0.00018457781698089093
2851.5, 0.00018457781698089093
2852.5, 0.00019858594168908894
2853.5, 0.00018457781698089093
2854.5, 0.00021012205979786813
2855.5, 0.00017221768212039024
2856.5, 0.00018622582138050348
2857.5, 0.00021259408094920218
2858.5, 0.00020517801749520004
2859.5, 0.0001911698782350868
2860.5, 0.00019858594168908894
2861.5, 0.00017798574117477983
2862.5, 0.00019281789718661457
2863.5, 0.00019281789718661457
2864.5, 0.00017798574117477983
2865.5, 0.0001796337601263076
2866.5, 0.00019858594168908894
2867.5, 0.00019364189938642085
2868.5, 0.00017633772222325206
2869.5, 0.00017139367992058396
2870.5, 0.00017716173897497356
2871.5, 0.00017551372002344579
2872.5, 0.00020270598179195076
2873.5, 0.00016150558076333255
2874.5, 0.00018952185928355902
2875.5, 0.000173865701071918
2876.5, 0.00018787384033203125
2877.5, 0.00018210578127764165
2878.5, 0.00018704983813222498
2879.5, 0.0001705696777207777
2880.5, 0.0001746897178236395
2881.5, 0.00016232959751505405
2882.5, 0.0001903458614833653
2883.5, 0.00017551372002344579
2884.5, 0.0001911698782350868
2885.5, 0.00015573752170894295
2886.5, 0.00015985756181180477
2887.5, 0.00017304169887211174
2888.5, 0.00017798574117477983
2889.5, 0.00015491351950913668
2890.5, 0.00019281789718661457
2891.5, 0.00018787384033203125
2892.5, 0.00017551372002344579
2893.5, 0.00016562562086619437
2894.5, 0.000173865701071918
2895.5, 0.00016809764201752841
2896.5, 0.00017880975792650133
2897.5, 0.00016727363981772214
2898.5, 0.0001532655005576089
2899.5, 0.0001746897178236395
2900.5, 0.00016644963761791587
2901.5, 0.00015656153846066445
2902.5, 0.00018375380022916943
2903.5, 0.00016068157856352627
2904.5, 0.00015738554066047072
2905.5, 0.0001483214582549408
2906.5, 0.00017551372002344579
2907.5, 0.0001540895173093304
2908.5, 0.0001590335596119985
2909.5, 0.0001697456609690562
2910.5, 0.00015985756181180477
2911.5, 0.00015573752170894295
2912.5, 0.00015820955741219223
2913.5, 0.00012607323878910393
2914.5, 0.00014667343930341303
2915.5, 0.00014337740140035748
2916.5, 0.00014996947720646858
2917.5, 0.00016727363981772214
2918.5, 0.00013184129784349352
2919.5, 0.0001384333590976894
2920.5, 0.00015244149835780263
2921.5, 0.0001540895173093304
2922.5, 0.00015656153846066445
2923.5, 0.00014914546045474708
2924.5, 0.0001277212577406317
2925.5, 0.00015491351950913668
2926.5, 0.0001425533992005512
2927.5, 0.00013348930224310607
2928.5, 0.00015573752170894295
2929.5, 0.00015656153846066445
2930.5, 0.0001384333590976894
2931.5, 0.00014914546045474708
2932.5, 0.00016068157856352627
2933.5, 0.00013925736129749566
2934.5, 0.00011865716078318655
2935.5, 0.00013101728109177202
2936.5, 0.00014172939700074494
2937.5, 0.00013596133794635534
2938.5, 0.00013019327889196575
2939.5, 0.00014914546045474708
2940.5, 0.0001376093423459679
2941.5, 0.00015573752170894295
2942.5, 0.00014337740140035748
2943.5, 0.00011618513963185251
2944.5, 0.00014914546045474708
2945.5, 0.00013348930224310607
2946.5, 0.00013019327889196575
2947.5, 0.00012030517973471433
2948.5, 0.00011453712068032473
2949.5, 0.0001268972409889102
2950.5, 0.00010959307110169902
2951.5, 0.0001268972409889102
2952.5, 0.00011783315858338028
2953.5, 0.00013678534014616162
2954.5, 0.00011288910900475457
2955.5, 0.0001219531986862421
2956.5, 0.00011371311848051846
2957.5, 0.00013348930224310607
2958.5, 0.00012277720088604838
2959.5, 0.0001268972409889102
2960.5, 0.00011206509952899069
2961.5, 0.00012112918921047822
2962.5, 0.0001112410900532268
2963.5, 0.00012936926214024425
2964.5, 0.00012854525994043797
2965.5, 0.00011206509952899069
2966.5, 0.00011865716078318655
2967.5, 0.00010794505942612886
2968.5, 0.00011948117025895044
2969.5, 0.00012524922203738242
2970.5, 0.00011371311848051846
2971.5, 0.00010629704047460109
2972.5, 0.0001054730309988372
2973.5, 9.888096974464133e-05
2974.5, 0.00011206509952899069
2975.5, 9.228890849044546e-05
2976.5, 0.0001112410900532268
2977.5, 0.0001268972409889102
2978.5, 0.00010712104995036498
2979.5, 0.00010135299089597538
2980.5, 0.00011865716078318655
2981.5, 0.0001219531986862421
2982.5, 9.476092964177951e-05
2983.5, 9.393692016601562e-05
2984.5, 0.00012524922203738242
2985.5, 0.00010300100984750316
2986.5, 0.00010382501932326704
2987.5, 0.00012360121763776988
2988.5, 7.992878090590239e-05
2989.5, 9.228890849044546e-05
2990.5, 9.723295079311356e-05
2991.5, 9.064088953891769e-05
2992.5, 0.00010629704047460109
2993.5, 9.146489901468158e-05
2994.5, 9.888096974464133e-05
2995.5, 0.00010464902879903093
2996.5, 0.00010629704047460109
2997.5, 0.00010794505942612886
2998.5, 7.251271017594263e-05
2999.5, 8.652084943605587e-05
